ecadcf7b-cf9e-477c-a56d-99d9472c4072,d4a9fa6b-880c-4d5d-9650-dff9f10c8a5f,18def07f-6077-4543-a572-982cd63ef262,2a508d99-73fc-4992-8de0-f452a979f047,a7bbd831-d444-4011-b6df-37b47b8e218d,632c0d31-1145-49b7-b327-952ab64369d2,2e7c7f54-ff9c-4464-a1aa-d247d30333db,827fd8d9-b94a-414c-aa38-0bb6d7880527,8d2aba9c-3983-4227-a8ff-eac6143ee60e,a54a033f-6571-4319-adfe-52e6916be435,a1f343aa-dbbd-4b7e-ac42-58ee4bfffd06,ea6180ea-e2e3-476e-8e87-c1ae0abb504f,2e98f08e-3cfb-4594-9f9c-133fab16f7ca,69715520-6a46-417c-9e78-7e71e90389d7,6d43f154-1009-470a-95a2-f40fe4b8a204,f2aaa75a-0ea0-4e4a-8363-7c7a98c160d9,7d1d7a97-2d16-4ccd-aae6-5cf8ffc2afb7,8ddb5dd3-0822-485e-aebb-973df12c9dc9,286bb721-9cb2-448a-9c2f-aadd4a1bf2d6,195f9fb4-4486-4b3d-bb41-8a9d7715a931
2020-06-28 15:42:59+00:00,2020-06-28 11:09:05+00:00,2020-07-05 12:51:30+00:00,2020-06-21 13:22:41+00:00,2020-06-28 18:45:01+00:00,2020-07-05 13:12:35+00:00,,2020-08-23 10:29:12+00:00,2020-06-28 12:13:08+00:00,2020-06-28 15:35:02+00:00,2020-06-28 21:02:38+00:00,2020-06-28 22:20:43+00:00,2020-06-21 12:44:51+00:00,2020-06-26 21:44:24+00:00,2020-06-28 11:37:59+00:00,2020-06-28 14:59:53+00:00,2020-06-28 14:19:21+00:00,2020-07-19 17:04:37+00:00,2020-09-27 03:59:19+00:00,2020-06-21 07:16:34+00:00
2020-07-05 09:42:22+00:00,2020-07-05 11:08:26+00:00,2020-08-02 17:18:53+00:00,2020-06-26 17:22:10+00:00,2020-07-05 11:44:26+00:00,2020-08-02 20:09:55+00:00,,2020-10-03 22:25:20+00:00,2020-07-05 12:42:29+00:00,2020-07-05 12:04:27+00:00,2020-07-05 17:31:59+00:00,2020-07-05 18:50:04+00:00,2020-06-26 14:14:22+00:00,2020-07-02 14:43:51+00:00,2020-07-05 09:37:19+00:00,2020-07-05 12:59:15+00:00,2020-07-05 20:18:42+00:00,2020-08-02 18:33:14+00:00,2020-11-16 05:25:42+00:00,2020-06-28 18:15:53+00:00
2020-07-12 09:41:44+00:00,2020-07-12 10:07:47+00:00,2020-08-13 15:17:53+00:00,2020-07-02 08:51:35+00:00,2020-07-12 20:13:48+00:00,2020-08-16 16:08:38+00:00,,2020-11-21 21:21:06+00:00,2020-07-12 15:41:50+00:00,2020-07-19 11:03:15+00:00,2020-07-12 14:31:19+00:00,2020-07-12 17:19:25+00:00,2020-07-02 14:13:47+00:00,2020-07-12 18:12:53+00:00,2020-07-12 08:36:39+00:00,2020-07-12 12:58:38+00:00,2020-07-19 16:47:29+00:00,2020-08-23 18:31:10+00:00,2020-11-22 10:25:18+00:00,2020-07-02 10:45:32+00:00
2020-07-26 17:40:26+00:00,2020-07-19 10:37:08+00:00,2020-08-30 22:16:15+00:00,2020-07-09 10:50:51+00:00,2020-07-16 12:13:29+00:00,2020-08-30 17:07:18+00:00,,2021-01-10 16:17:30+00:00,2020-07-19 09:11:13+00:00,2020-08-02 15:02:04+00:00,2020-07-19 15:30:39+00:00,2020-07-19 15:48:46+00:00,2020-07-05 15:43:29+00:00,2020-07-19 20:12:13+00:00,2020-07-19 09:35:58+00:00,2020-07-19 14:58:00+00:00,2020-07-26 17:46:50+00:00,2020-09-06 14:59:48+00:00,2020-12-19 13:53:46+00:00,2020-07-05 09:15:15+00:00
2020-08-09 18:39:09+00:00,2020-07-26 12:06:29+00:00,2020-09-13 22:44:56+00:00,2020-07-12 09:20:33+00:00,2020-07-26 18:12:36+00:00,2020-09-13 17:05:59+00:00,,2021-02-28 10:13:51+00:00,2020-07-26 14:40:33+00:00,2020-08-09 16:01:28+00:00,2020-07-26 12:29:59+00:00,2020-07-26 21:18:05+00:00,2020-07-09 08:43:07+00:00,2020-08-02 16:40:56+00:00,2020-07-26 13:35:16+00:00,2020-07-26 16:27:22+00:00,2020-08-09 20:15:35+00:00,2020-09-13 18:59:06+00:00,2020-12-21 16:23:38+00:00,2020-07-09 09:14:54+00:00
2020-08-23 15:07:52+00:00,2020-08-02 09:35:51+00:00,2020-09-27 17:13:39+00:00,2020-07-16 15:20:06+00:00,2020-08-02 13:42:02+00:00,2020-09-27 17:34:41+00:00,,2021-04-11 14:10:21+00:00,2020-08-02 12:39:57+00:00,2020-08-16 09:00:53+00:00,2020-08-02 14:29:20+00:00,2020-08-09 19:16:47+00:00,2020-07-12 09:42:49+00:00,2020-08-31 14:08:11+00:00,2020-08-02 11:34:36+00:00,2020-08-02 14:56:46+00:00,2020-08-16 18:44:57+00:00,2020-09-27 16:27:45+00:00,2021-01-01 08:53:00+00:00,2020-07-12 07:44:37+00:00
2020-08-30 15:07:13+00:00,2020-08-09 14:35:11+00:00,2020-10-25 13:11:10+00:00,2020-07-19 11:49:49+00:00,2020-08-09 16:41:25+00:00,2020-10-04 05:04:06+00:00,,2021-04-19 13:39:41+00:00,2020-08-09 16:09:19+00:00,2020-08-30 12:29:38+00:00,2020-08-09 15:28:40+00:00,2020-08-16 20:46:07+00:00,2020-07-16 14:42:25+00:00,2020-09-10 20:07:12+00:00,2020-08-09 14:03:55+00:00,2020-08-09 18:26:08+00:00,2020-08-31 16:13:38+00:00,2020-10-12 07:26:23+00:00,2021-01-18 08:52:08+00:00,2020-07-19 16:13:57+00:00
2020-09-13 21:35:56+00:00,2020-08-16 12:04:33+00:00,2020-11-08 06:09:58+00:00,2020-07-23 14:19:24+00:00,2020-08-16 17:10:49+00:00,2020-10-19 16:02:46+00:00,,2021-04-25 19:39:08+00:00,2020-08-16 13:38:41+00:00,2020-09-20 22:57:45+00:00,2020-08-16 14:58:01+00:00,2020-08-23 18:15:28+00:00,2020-07-23 14:11:45+00:00,2020-09-24 14:05:53+00:00,2020-08-16 12:03:14+00:00,2020-08-16 18:55:30+00:00,2020-09-06 19:13:07+00:00,2020-10-25 07:25:13+00:00,2021-01-31 05:21:24+00:00,2020-07-26 21:43:16+00:00
2020-09-20 15:05:19+00:00,2020-08-23 11:03:53+00:00,2020-11-22 10:08:49+00:00,2020-07-30 17:48:40+00:00,2020-08-23 15:40:12+00:00,2020-11-01 10:01:41+00:00,,2021-05-03 12:08:27+00:00,2020-08-23 11:08:03+00:00,2020-10-04 06:26:39+00:00,2020-08-23 18:27:19+00:00,2020-08-30 23:14:47+00:00,2020-07-30 20:41:03+00:00,2020-10-04 08:04:59+00:00,2020-08-23 14:32:32+00:00,2020-08-23 15:24:53+00:00,2020-09-20 18:41:54+00:00,2020-11-08 15:23:56+00:00,,
2020-10-04 08:34:08+00:00,2020-09-06 13:02:35+00:00,2020-12-06 18:37:48+00:00,2020-08-06 18:17:57+00:00,2020-08-30 18:39:35+00:00,2020-11-15 15:30:29+00:00,,2021-05-07 23:38:03+00:00,2020-08-30 14:37:22+00:00,2020-10-19 12:25:27+00:00,2020-08-30 18:56:38+00:00,2020-09-07 01:14:08+00:00,2020-08-06 16:40:24+00:00,2020-10-12 03:04:15+00:00,2020-08-30 15:01:52+00:00,2020-08-30 16:54:13+00:00,2020-10-04 14:40:46+00:00,2020-11-22 09:22:47+00:00,,
2020-10-25 10:02:26+00:00,2020-09-13 11:31:56+00:00,2020-12-20 17:06:48+00:00,2020-08-09 09:17:41+00:00,2020-09-06 17:08:59+00:00,2020-11-29 14:29:28+00:00,,2021-05-16 18:37:15+00:00,2020-09-06 15:36:43+00:00,2020-10-25 01:25:01+00:00,2020-09-06 14:25:59+00:00,2020-09-14 02:13:28+00:00,2020-08-13 20:39:43+00:00,2020-10-22 17:03:19+00:00,2020-09-06 15:31:12+00:00,2020-09-06 19:53:34+00:00,2020-10-19 03:39:41+00:00,2020-12-06 17:21:45+00:00,,
2020-11-08 06:01:20+00:00,2020-09-20 13:01:17+00:00,2021-01-03 17:06:01+00:00,2020-08-13 12:47:16+00:00,2020-09-13 18:08:22+00:00,2020-12-13 17:28:30+00:00,,2021-05-25 16:06:26+00:00,2020-09-13 14:06:05+00:00,2020-11-01 02:54:29+00:00,2020-09-13 13:55:19+00:00,2020-09-20 19:42:50+00:00,2020-08-16 12:09:27+00:00,2020-11-01 05:32:28+00:00,2020-09-13 11:00:33+00:00,2020-09-13 20:22:56+00:00,2020-11-01 17:08:39+00:00,2020-12-20 18:20:44+00:00,,
2020-11-22 15:30:16+00:00,2020-09-27 09:30:40+00:00,2021-01-10 13:05:20+00:00,2020-08-16 06:16:59+00:00,2020-09-20 19:37:45+00:00,2020-12-20 10:28:02+00:00,,2021-05-30 16:05:58+00:00,2020-09-20 14:35:25+00:00,2020-11-15 07:53:24+00:00,2020-09-20 14:54:38+00:00,2020-09-27 20:12:12+00:00,2020-08-20 15:09:03+00:00,2020-11-15 08:31:14+00:00,2020-09-20 12:59:51+00:00,2020-09-20 20:52:17+00:00,2020-11-10 10:37:59+00:00,2020-12-27 09:20:13+00:00,,
2020-12-06 16:59:24+00:00,2020-10-04 11:00:02+00:00,2021-01-24 19:34:21+00:00,2020-08-20 16:16:32+00:00,2020-10-04 17:06:35+00:00,2020-12-27 11:57:30+00:00,,2021-06-06 17:35:19+00:00,2020-09-27 12:04:48+00:00,2020-11-29 17:22:27+00:00,2020-09-27 11:53:59+00:00,2020-10-04 12:11:36+00:00,2020-08-27 14:38:22+00:00,2020-11-22 03:00:40+00:00,2020-09-27 14:29:13+00:00,2020-09-27 15:21:41+00:00,2020-11-29 19:06:43+00:00,2021-01-03 13:49:43+00:00,,
2020-12-20 17:28:29+00:00,2020-10-12 08:29:21+00:00,2021-02-07 19:03:16+00:00,2020-08-23 11:16:14+00:00,2020-10-12 12:35:57+00:00,2021-01-10 13:26:35+00:00,,2021-06-13 18:34:40+00:00,2020-10-04 07:04:11+00:00,2020-12-06 07:52:04+00:00,2020-10-04 01:23:22+00:00,2020-10-12 07:10:55+00:00,2020-08-31 10:08:00+00:00,2020-12-03 15:59:49+00:00,2020-10-04 05:58:36+00:00,2020-10-04 09:51:05+00:00,2020-12-13 18:05:55+00:00,2021-01-10 08:49:16+00:00,,
2020-12-27 09:58:01+00:00,2020-10-19 04:58:47+00:00,2021-02-21 19:02:17+00:00,2020-08-27 16:15:48+00:00,2020-10-19 12:05:24+00:00,2021-01-24 16:25:39+00:00,,2021-06-20 21:04:02+00:00,2020-10-12 05:33:29+00:00,2020-12-13 08:21:38+00:00,2020-10-12 16:22:35+00:00,2020-10-19 08:10:21+00:00,2020-09-03 13:07:41+00:00,2020-12-13 18:29:05+00:00,2020-10-12 08:27:53+00:00,2020-10-12 02:50:24+00:00,2020-12-20 18:35:30+00:00,2021-01-24 13:18:17+00:00,,
2021-01-03 15:57:34+00:00,2020-10-24 18:58:18+00:00,2021-03-07 16:01:08+00:00,2020-09-03 16:15:03+00:00,2020-10-25 06:04:56+00:00,2021-02-07 17:24:35+00:00,,2021-06-27 20:33:23+00:00,2020-10-19 07:32:54+00:00,2020-12-27 11:50:43+00:00,2020-10-19 08:22:00+00:00,2020-10-25 08:39:49+00:00,2020-09-14 08:36:38+00:00,2020-12-20 18:58:32+00:00,2020-10-19 10:27:18+00:00,2020-10-19 09:19:49+00:00,2020-12-27 18:35:03+00:00,2021-02-07 17:47:12+00:00,,
2021-01-11 09:27:07+00:00,2020-11-01 12:57:40+00:00,2021-03-21 21:00:02+00:00,2020-09-06 11:44:46+00:00,2020-11-01 07:04:23+00:00,2021-02-21 18:23:38+00:00,,2021-07-04 18:32:44+00:00,2020-10-25 02:32:24+00:00,2021-01-03 18:20:17+00:00,2020-10-25 13:51:26+00:00,2020-11-01 11:09:13+00:00,2020-09-24 09:35:39+00:00,2020-12-27 10:28:01+00:00,2020-10-24 23:26:48+00:00,2020-10-25 12:19:17+00:00,2021-01-03 21:04:40+00:00,2021-02-21 18:46:12+00:00,,
2021-01-24 16:26:18+00:00,2020-11-08 07:57:05+00:00,2021-04-05 14:58:46+00:00,2020-09-10 12:44:21+00:00,2020-11-08 08:03:49+00:00,2021-03-07 15:52:32+00:00,,2021-07-11 18:02:05+00:00,2020-11-01 06:01:48+00:00,2021-01-10 11:19:54+00:00,2020-11-01 15:50:49+00:00,2020-11-08 09:08:38+00:00,2020-10-01 15:34:59+00:00,2020-12-29 18:27:51+00:00,2020-11-01 13:56:09+00:00,2020-11-01 08:48:43+00:00,2021-01-10 16:04:19+00:00,2021-03-07 16:45:05+00:00,,
2021-02-07 17:55:19+00:00,2020-11-15 03:26:33+00:00,2021-04-18 18:27:42+00:00,2020-09-14 08:43:57+00:00,2020-11-15 05:03:18+00:00,2021-03-14 12:51:59+00:00,,2021-07-18 19:31:24+00:00,2020-11-08 05:01:12+00:00,2021-01-24 10:49:05+00:00,2020-11-08 07:50:13+00:00,2020-11-22 07:37:31+00:00,2020-10-08 13:34:19+00:00,2021-01-05 14:57:22+00:00,2020-11-08 03:25:35+00:00,2020-11-08 09:18:07+00:00,2021-01-24 20:03:32+00:00,2021-03-28 20:43:24+00:00,,
2021-02-21 19:24:27+00:00,2020-11-22 04:26:15+00:00,2021-05-02 17:56:27+00:00,2020-09-24 12:12:52+00:00,2020-11-22 04:32:47+00:00,2021-03-21 12:51:29+00:00,,2021-07-25 17:00:47+00:00,2020-11-15 06:00:38+00:00,2021-01-31 09:18:38+00:00,2020-11-15 11:19:37+00:00,2020-11-29 18:07:00+00:00,2020-10-15 06:03:43+00:00,2021-01-17 16:56:32+00:00,2020-11-15 00:55:01+00:00,2020-11-15 10:17:50+00:00,2021-02-07 20:02:37+00:00,,,
2021-02-28 12:53:57+00:00,2020-11-29 08:25:31+00:00,2021-05-16 15:25:12+00:00,2020-10-08 10:41:27+00:00,2020-11-29 16:32:18+00:00,2021-04-05 15:50:12+00:00,,2021-08-01 15:00:07+00:00,2020-11-22 09:00:05+00:00,2021-02-07 09:48:08+00:00,2020-11-29 17:48:30+00:00,2020-12-06 20:06:31+00:00,2020-10-22 09:33:05+00:00,2021-01-28 18:25:43+00:00,2020-11-22 03:54:27+00:00,2020-11-22 09:47:01+00:00,2021-02-21 19:31:50+00:00,,,
2021-03-14 19:22:56+00:00,2020-12-06 08:25:03+00:00,2021-05-24 17:24:27+00:00,2020-10-19 09:10:23+00:00,2020-12-06 14:01:51+00:00,2021-04-18 16:19:08+00:00,,2021-08-08 18:29:26+00:00,2020-11-29 13:29:36+00:00,2021-02-21 16:17:18+00:00,2020-12-06 10:18:02+00:00,2020-12-13 21:36:01+00:00,2020-11-05 17:01:46+00:00,2021-02-07 23:24:52+00:00,2020-11-29 13:53:55+00:00,2020-11-29 16:16:31+00:00,2021-03-07 19:00:54+00:00,,,
2021-03-28 13:22:01+00:00,2020-12-13 11:24:34+00:00,2021-06-06 17:53:15+00:00,2020-10-22 07:40:05+00:00,2020-12-13 14:01:25+00:00,2021-05-02 15:47:54+00:00,,2021-08-15 15:28:49+00:00,2020-12-06 09:59:08+00:00,2021-02-28 10:16:50+00:00,2020-12-13 19:17:30+00:00,2020-12-20 21:05:31+00:00,2020-11-12 16:31:10+00:00,2021-02-16 15:54:17+00:00,2020-12-06 10:53:26+00:00,2020-12-06 15:16:04+00:00,2021-03-14 16:30:25+00:00,,,
2021-04-05 11:51:23+00:00,2020-12-20 11:54:04+00:00,2021-06-20 19:21:59+00:00,2020-11-05 15:38:39+00:00,2020-12-20 16:30:56+00:00,2021-05-09 09:47:18+00:00,,2021-08-22 18:58:08+00:00,2020-12-13 11:58:40+00:00,2021-03-07 12:16:22+00:00,2020-12-20 13:16:59+00:00,2020-12-27 17:35:01+00:00,2020-11-19 04:00:36+00:00,2021-02-25 17:53:31+00:00,2020-12-13 12:22:56+00:00,2020-12-13 15:45:35+00:00,2021-03-29 18:59:27+00:00,,,
2021-04-11 11:20:57+00:00,2020-12-27 12:53:33+00:00,2021-07-04 21:20:39+00:00,2020-11-12 13:07:59+00:00,2020-12-27 12:30:27+00:00,2021-05-24 18:15:55+00:00,,2021-08-29 17:27:29+00:00,2020-12-20 15:58:09+00:00,2021-03-15 06:45:49+00:00,2020-12-27 18:46:26+00:00,2021-01-03 20:04:32+00:00,2020-11-22 04:30:22+00:00,2021-03-04 08:22:59+00:00,2020-12-20 16:22:24+00:00,2020-12-20 15:45:06+00:00,2021-04-16 12:58:22+00:00,,,
2021-04-25 16:49:51+00:00,2021-01-03 12:53:06+00:00,2021-07-18 18:49:20+00:00,2020-11-15 10:37:43+00:00,2021-01-03 12:30:01+00:00,2021-06-06 15:44:43+00:00,,2021-09-05 17:56:50+00:00,2021-01-03 17:27:10+00:00,2021-03-21 14:15:25+00:00,2021-01-03 22:45:55+00:00,2021-01-10 15:34:06+00:00,2020-11-26 07:00:03+00:00,2021-03-14 12:52:07+00:00,2020-12-29 10:51:45+00:00,2020-12-27 16:44:35+00:00,2021-05-02 14:26:51+00:00,,,
2021-05-09 17:18:41+00:00,2021-01-10 12:52:40+00:00,2021-08-01 18:18:01+00:00,2020-11-19 13:37:19+00:00,2021-01-10 10:29:37+00:00,2021-07-04 16:12:04+00:00,,2021-09-12 17:26:11+00:00,2021-01-10 16:56:44+00:00,2021-03-28 13:14:55+00:00,2021-01-11 10:45:25+00:00,2021-01-17 14:33:40+00:00,2020-12-03 03:59:33+00:00,2021-03-21 14:21:50+00:00,2021-01-03 11:21:24+00:00,2021-01-03 20:14:07+00:00,2021-05-24 19:55:04+00:00,,,
2021-05-24 19:17:24+00:00,2021-01-20 17:52:02+00:00,2021-08-15 16:16:44+00:00,2020-11-22 09:07:04+00:00,2021-01-24 14:58:45+00:00,2021-07-18 17:40:44+00:00,,2021-09-19 15:55:32+00:00,2021-01-17 13:26:19+00:00,2021-04-25 08:12:44+00:00,2021-01-17 08:15:02+00:00,2021-01-24 18:03:10+00:00,2020-12-06 05:59:19+00:00,2021-03-31 20:50:42+00:00,2021-01-17 10:20:29+00:00,2021-01-10 16:13:42+00:00,2021-06-06 12:23:59+00:00,,,
2021-05-30 13:16:54+00:00,2021-01-31 14:51:16+00:00,2021-08-26 14:15:41+00:00,2020-11-26 10:36:43+00:00,2021-01-31 13:28:17+00:00,2021-08-08 17:08:45+00:00,,2021-09-26 18:54:53+00:00,2021-01-24 12:55:50+00:00,2021-05-02 07:12:10+00:00,2021-01-24 19:14:28+00:00,2021-01-31 17:02:40+00:00,2020-12-13 18:58:46+00:00,2021-04-08 14:50:03+00:00,2021-01-24 14:19:58+00:00,2021-01-24 20:12:47+00:00,2021-06-20 19:52:42+00:00,,,
2021-06-13 16:45:37+00:00,2021-02-07 16:20:43+00:00,2021-09-05 14:44:45+00:00,2020-11-29 19:36:25+00:00,2021-02-07 14:57:46+00:00,2021-08-22 17:07:26+00:00,,2021-10-03 15:54:14+00:00,2021-01-31 16:25:19+00:00,2021-05-09 11:11:35+00:00,2021-01-31 17:13:57+00:00,2021-02-07 21:02:06+00:00,2020-12-17 15:28:27+00:00,2021-04-15 13:49:27+00:00,2021-01-31 14:19:27+00:00,2021-01-31 15:42:18+00:00,2021-07-04 14:51:28+00:00,,,
2021-06-27 17:44:21+00:00,2021-02-14 11:20:19+00:00,2021-09-19 16:43:25+00:00,2020-12-03 09:36:08+00:00,2021-02-14 10:27:23+00:00,2021-09-05 16:06:08+00:00,,2021-10-10 13:53:36+00:00,2021-02-07 16:24:46+00:00,2021-05-25 11:10:14+00:00,2021-02-07 19:13:22+00:00,2021-02-14 17:01:42+00:00,2020-12-20 11:28:15+00:00,2021-04-22 14:18:50+00:00,2021-02-07 16:18:52+00:00,2021-02-07 18:11:45+00:00,2021-07-18 15:50:14+00:00,,,
2021-07-11 18:13:04+00:00,2021-02-21 13:19:47+00:00,2021-10-03 17:42:06+00:00,2020-12-06 05:35:53+00:00,2021-02-21 15:56:52+00:00,2021-09-19 16:34:48+00:00,,2021-10-24 20:52:22+00:00,2021-02-14 14:24:21+00:00,2021-06-06 20:39:10+00:00,2021-02-14 17:42:54+00:00,2021-02-21 21:01:09+00:00,2020-12-23 10:28:00+00:00,2021-05-02 14:47:55+00:00,2021-02-14 13:18:27+00:00,2021-02-14 14:11:21+00:00,2021-08-01 14:18:59+00:00,,,
2021-07-18 12:42:27+00:00,2021-02-28 12:49:14+00:00,2021-10-24 18:40:16+00:00,2020-12-10 11:05:32+00:00,2021-02-28 11:56:21+00:00,2021-10-03 15:03:31+00:00,,2021-11-02 11:51:38+00:00,2021-02-21 18:53:49+00:00,2021-06-20 15:08:00+00:00,2021-02-21 20:42:20+00:00,2021-02-28 15:00:36+00:00,2020-12-29 15:57:32+00:00,2021-05-13 19:16:53+00:00,2021-02-21 14:17:54+00:00,2021-02-21 16:40:48+00:00,2021-08-15 15:47:45+00:00,,,
2021-08-01 16:11:09+00:00,2021-03-07 12:48:43+00:00,2021-11-07 20:09:06+00:00,2020-12-13 10:35:17+00:00,2021-03-07 14:25:51+00:00,2021-10-18 21:32:13+00:00,,2021-11-08 08:51:09+00:00,2021-02-28 16:53:16+00:00,2021-07-05 08:36:42+00:00,2021-03-14 14:40:37+00:00,2021-03-07 19:00:03+00:00,2021-01-03 17:27:10+00:00,2021-05-20 14:46:15+00:00,2021-02-28 14:47:19+00:00,2021-02-28 20:10:14+00:00,2021-08-29 13:16:32+00:00,,,
2021-08-15 17:09:52+00:00,2021-03-14 14:48:09+00:00,2021-11-21 23:07:59+00:00,2020-12-17 14:04:55+00:00,2021-03-14 17:25:19+00:00,2021-11-01 15:31:04+00:00,,2021-11-15 08:50:35+00:00,2021-03-07 13:52:45+00:00,2021-07-18 05:05:34+00:00,2021-03-21 14:40:05+00:00,2021-03-14 18:59:29+00:00,2021-01-07 11:26:54+00:00,2021-05-30 17:15:19+00:00,2021-03-07 12:46:46+00:00,2021-03-07 16:09:42+00:00,2021-09-12 13:15:20+00:00,,,
2021-08-29 18:08:35+00:00,2021-03-21 11:17:40+00:00,2021-12-06 01:06:57+00:00,2020-12-20 14:34:39+00:00,2021-03-21 13:24:52+00:00,2021-11-14 13:30:04+00:00,,2021-11-29 14:19:29+00:00,2021-03-14 15:22:11+00:00,2021-08-15 01:33:07+00:00,2021-03-23 17:09:55+00:00,2021-03-21 22:28:59+00:00,2021-01-10 10:26:43+00:00,2021-06-10 18:44:16+00:00,2021-03-28 10:45:01+00:00,2021-03-14 18:09:08+00:00,2021-09-26 11:14:10+00:00,,,
2021-09-12 18:07:20+00:00,2021-03-28 13:17:07+00:00,2021-12-19 11:36:00+00:00,2020-12-23 16:34:22+00:00,2021-03-28 14:24:21+00:00,2021-11-28 18:29:01+00:00,,2021-12-06 12:18:58+00:00,2021-03-21 14:51:41+00:00,2021-08-29 08:31:51+00:00,2021-04-18 07:07:55+00:00,2021-03-28 20:28:25+00:00,2021-01-17 14:56:13+00:00,,2021-04-05 11:14:17+00:00,2021-03-21 18:38:39+00:00,2021-10-10 12:13:01+00:00,,,
2021-09-26 15:36:06+00:00,2021-04-05 07:16:28+00:00,2022-01-02 20:04:53+00:00,2020-12-29 23:03:50+00:00,2021-04-05 14:53:42+00:00,2021-12-12 15:28:03+00:00,,2021-12-13 09:18:28+00:00,2021-03-28 12:51:09+00:00,2021-09-12 12:00:37+00:00,2021-04-25 10:07:01+00:00,2021-04-05 17:27:44+00:00,2021-01-24 19:25:40+00:00,,2021-04-11 08:43:48+00:00,2021-03-28 19:38:05+00:00,2021-10-24 12:41:59+00:00,,,
2021-10-10 14:04:54+00:00,2021-04-11 10:45:58+00:00,2022-01-13 17:04:07+00:00,2021-01-04 03:03:25+00:00,2021-04-11 07:23:17+00:00,2021-12-19 13:57:34+00:00,,2021-12-20 10:47:57+00:00,2021-04-05 15:20:28+00:00,2021-09-26 13:29:24+00:00,2021-05-02 09:36:22+00:00,2021-04-11 13:57:17+00:00,2021-01-28 10:55:24+00:00,,2021-04-18 09:43:13+00:00,,2021-11-06 06:11:04+00:00,,,
2021-10-24 15:33:49+00:00,2021-04-18 12:45:25+00:00,2022-01-30 19:32:56+00:00,2021-01-10 16:32:53+00:00,2021-04-18 12:22:45+00:00,2021-12-26 15:57:05+00:00,,2021-12-26 15:17:29+00:00,2021-04-11 14:19:59+00:00,2021-10-18 10:57:39+00:00,2021-05-16 13:05:03+00:00,2021-04-18 19:56:42+00:00,2021-01-31 11:25:09+00:00,,2021-04-25 09:12:35+00:00,,2021-12-05 18:37:48+00:00,,,
2021-11-07 19:02:46+00:00,2021-04-25 11:14:49+00:00,2022-02-13 15:31:54+00:00,2021-01-17 14:32:20+00:00,2021-04-25 13:52:11+00:00,2022-01-02 15:26:31+00:00,,2022-01-02 20:16:53+00:00,2021-04-18 16:19:25+00:00,2021-11-01 13:28:38+00:00,2021-05-24 13:04:18+00:00,2021-04-25 16:26:06+00:00,2021-02-04 15:54:48+00:00,,2021-05-02 08:11:57+00:00,,2021-12-19 12:38:22+00:00,,,
2021-11-21 20:01:07+00:00,2021-05-02 09:14:13+00:00,2022-02-27 17:30:46+00:00,2021-01-20 13:32:06+00:00,2021-05-02 15:21:36+00:00,2022-01-16 14:55:34+00:00,,2022-01-16 22:15:51+00:00,2021-04-25 15:18:49+00:00,2021-11-15 04:29:56+00:00,2021-06-06 08:33:04+00:00,2021-05-02 18:25:28+00:00,2021-02-07 06:24:35+00:00,,2021-05-09 07:41:20+00:00,,2022-01-16 14:06:37+00:00,,,
2021-12-05 18:29:29+00:00,2021-05-09 08:43:37+00:00,2022-03-13 16:59:43+00:00,2021-01-24 20:31:42+00:00,2021-05-09 16:51:01+00:00,2022-01-30 14:24:37+00:00,,2022-01-23 14:45:22+00:00,2021-05-02 13:48:12+00:00,2021-11-28 16:59:03+00:00,2021-06-13 10:02:23+00:00,2021-05-09 19:54:52+00:00,2021-02-16 15:53:56+00:00,,2021-05-16 08:10:40+00:00,,2022-01-30 13:35:49+00:00,,,
2021-12-19 16:59:57+00:00,2021-05-16 11:12:59+00:00,2022-03-27 15:58:31+00:00,2021-01-28 11:01:25+00:00,2021-05-16 16:20:26+00:00,2022-02-13 15:23:35+00:00,,2022-01-31 11:44:47+00:00,2021-05-09 13:47:36+00:00,2021-12-12 19:28:09+00:00,2021-06-20 08:31:42+00:00,2021-05-16 14:54:16+00:00,2021-02-21 14:53:31+00:00,,2021-05-24 11:39:56+00:00,,2022-02-13 13:34:57+00:00,,,
2021-12-26 12:29:31+00:00,2021-05-24 14:12:16+00:00,2022-04-07 12:27:37+00:00,2021-01-31 14:31:07+00:00,2021-05-24 17:19:46+00:00,2022-02-27 15:52:29+00:00,,2022-02-06 16:44:18+00:00,2021-05-16 13:46:58+00:00,2021-12-26 13:27:19+00:00,2021-06-27 10:01:00+00:00,2021-05-24 22:23:31+00:00,2021-02-25 15:23:11+00:00,,2021-05-30 07:09:23+00:00,,2022-02-27 13:04:00+00:00,,,
2022-01-02 16:28:59+00:00,2021-05-30 12:41:44+00:00,2022-04-18 14:26:38+00:00,2021-02-04 17:30:44+00:00,2021-05-30 15:49:16+00:00,2022-03-13 17:51:27+00:00,,2022-02-13 17:13:46+00:00,2021-05-24 16:16:14+00:00,2022-01-02 04:56:50+00:00,2021-07-04 07:30:19+00:00,2021-05-30 19:22:59+00:00,2021-02-28 07:53:12+00:00,,2021-06-06 04:08:43+00:00,,2022-03-13 16:33:11+00:00,,,
2022-01-16 17:58:07+00:00,2021-06-06 11:41:05+00:00,2022-05-01 15:55:28+00:00,2021-02-07 17:00:27+00:00,2021-06-06 19:18:39+00:00,2022-03-27 15:50:16+00:00,,2022-02-20 16:43:11+00:00,2021-05-30 11:15:43+00:00,,2021-07-11 11:59:37+00:00,2021-06-06 21:22:20+00:00,2021-03-04 08:22:37+00:00,,2021-06-13 10:08:01+00:00,,2022-03-27 14:02:10+00:00,,,
2022-01-30 16:57:15+00:00,2021-06-13 12:10:26+00:00,2022-05-15 19:54:09+00:00,2021-02-11 07:30:09+00:00,2021-06-13 17:18:03+00:00,2022-04-10 16:19:05+00:00,,2022-02-27 18:12:37+00:00,2021-06-06 12:45:05+00:00,,2021-07-18 11:28:55+00:00,2021-06-13 19:21:40+00:00,2021-03-09 15:52:11+00:00,,2021-06-20 10:07:20+00:00,,2022-04-10 08:01:10+00:00,,,
2022-02-13 15:26:22+00:00,2021-06-20 10:39:48+00:00,2022-05-29 18:22:51+00:00,2021-02-14 15:29:55+00:00,2021-06-20 16:47:28+00:00,2022-04-24 13:17:51+00:00,,2022-03-05 08:12:12+00:00,2021-06-13 13:14:27+00:00,,2021-07-25 09:28:14+00:00,2021-06-20 23:21:00+00:00,2021-03-18 20:21:25+00:00,,2021-06-27 11:36:38+00:00,,2022-04-24 12:30:03+00:00,,,
2022-02-27 13:25:23+00:00,2021-06-27 13:39:07+00:00,2022-06-12 17:21:33+00:00,2021-02-21 19:59:16+00:00,2021-06-27 16:46:51+00:00,2022-05-08 12:46:34+00:00,,2022-03-14 08:11:30+00:00,2021-06-20 14:43:50+00:00,,2021-08-01 07:57:33+00:00,2021-06-27 18:20:21+00:00,2021-03-23 16:21:02+00:00,,2021-07-04 11:05:57+00:00,,2022-05-08 23:28:52+00:00,,,
2022-03-13 16:54:31+00:00,2021-07-04 10:38:28+00:00,2022-06-26 19:50:16+00:00,2021-02-25 13:28:55+00:00,2021-07-04 17:46:14+00:00,2022-05-22 12:15:15+00:00,,2022-03-20 15:40:57+00:00,2021-06-27 13:43:11+00:00,,2021-08-08 07:56:52+00:00,2021-07-04 21:19:41+00:00,2021-03-28 13:20:37+00:00,,2021-07-11 13:05:16+00:00,,2022-05-22 15:27:38+00:00,,,
2022-03-27 17:53:26+00:00,2021-07-11 12:37:49+00:00,2022-07-11 15:48:53+00:00,2021-02-28 15:58:37+00:00,2021-07-11 19:45:37+00:00,2022-06-06 14:43:49+00:00,,2022-03-27 18:40:21+00:00,2021-07-04 12:12:33+00:00,,2021-08-15 04:56:11+00:00,2021-07-11 20:19:02+00:00,2021-03-31 17:20:20+00:00,,2021-07-18 09:04:36+00:00,,2022-06-06 14:26:20+00:00,,,
2022-04-10 15:52:23+00:00,2021-07-18 12:37:09+00:00,2022-07-24 17:17:42+00:00,2021-03-04 12:58:16+00:00,2021-07-18 17:15:00+00:00,2022-06-19 16:42:36+00:00,,2022-04-03 14:09:47+00:00,2021-07-11 15:41:53+00:00,,2021-08-22 08:25:29+00:00,2021-07-25 17:17:44+00:00,2021-04-05 14:19:53+00:00,,2021-07-25 10:03:55+00:00,,2022-06-19 15:25:10+00:00,,,
2022-04-18 13:21:44+00:00,2021-07-25 10:06:31+00:00,2022-08-07 17:16:24+00:00,2021-03-07 11:28:00+00:00,2021-07-25 23:44:23+00:00,2022-07-06 16:10:59+00:00,,2022-04-10 17:39:10+00:00,2021-07-18 13:11:14+00:00,,2021-08-29 07:54:48+00:00,2021-08-01 17:47:04+00:00,2021-04-15 14:49:02+00:00,,2021-08-01 08:03:14+00:00,,2022-06-26 11:24:33+00:00,,,
2022-05-01 15:20:39+00:00,2021-08-01 08:35:51+00:00,2022-08-28 19:44:25+00:00,2021-03-14 14:27:19+00:00,2021-08-01 13:43:48+00:00,2022-07-19 07:39:47+00:00,,2022-04-18 19:08:28+00:00,2021-07-25 16:40:35+00:00,,2021-09-05 09:54:07+00:00,2021-08-08 19:16:25+00:00,2021-04-18 13:48:47+00:00,,2021-08-15 07:31:53+00:00,,2022-07-06 13:53:39+00:00,,,
2022-05-08 13:50:03+00:00,2021-08-08 09:35:12+00:00,2022-09-11 16:43:05+00:00,2021-03-18 18:26:57+00:00,2021-08-08 16:43:10+00:00,2022-08-22 17:36:31+00:00,,2022-04-24 14:37:56+00:00,2021-08-01 13:39:56+00:00,,2021-09-12 06:53:26+00:00,2021-08-15 17:45:46+00:00,2021-04-22 14:48:25+00:00,,2021-08-22 10:01:12+00:00,,2022-07-24 13:22:01+00:00,,,
2022-05-22 17:48:45+00:00,2021-08-15 09:04:33+00:00,2022-09-25 16:11:47+00:00,2021-03-23 19:56:30+00:00,2021-08-15 13:12:35+00:00,2022-08-28 08:35:59+00:00,,2022-05-01 17:07:18+00:00,2021-08-08 11:39:17+00:00,,2021-09-19 05:22:45+00:00,2021-08-22 17:45:06+00:00,2021-04-29 15:17:45+00:00,,2021-08-29 06:30:32+00:00,,2022-08-28 18:48:51+00:00,,,
2022-06-06 11:17:26+00:00,2021-08-22 12:03:53+00:00,2022-10-09 15:10:30+00:00,2021-03-28 10:56:04+00:00,2021-08-22 19:11:56+00:00,2022-09-11 18:04:36+00:00,,2022-05-09 12:36:34+00:00,2021-08-15 13:38:39+00:00,,2021-09-26 07:22:05+00:00,2021-08-29 16:44:27+00:00,2021-05-06 19:17:06+00:00,,2021-09-05 11:59:51+00:00,,2022-09-11 12:17:39+00:00,,,
2022-06-19 17:16:14+00:00,2021-08-29 12:03:13+00:00,2022-10-23 15:09:11+00:00,2021-03-31 14:55:45+00:00,2021-08-29 15:41:20+00:00,2022-09-25 13:03:20+00:00,,2022-05-16 10:35:55+00:00,2021-08-22 12:08:00+00:00,,2021-10-03 05:21:25+00:00,2021-09-05 17:13:49+00:00,2021-05-13 16:46:27+00:00,,2021-09-12 09:59:11+00:00,,2022-09-25 14:16:29+00:00,,,
2022-07-06 00:14:45+00:00,2021-09-05 10:32:36+00:00,2022-11-06 21:07:53+00:00,2021-04-05 11:25:17+00:00,2021-09-05 15:10:44+00:00,2022-10-09 14:32:04+00:00,,2022-05-22 12:35:20+00:00,2021-08-29 13:07:20+00:00,,2021-10-10 08:20:45+00:00,2021-09-12 20:43:08+00:00,2021-05-16 09:46:12+00:00,,2021-09-19 10:28:31+00:00,,2022-10-09 12:45:21+00:00,,,
2022-07-17 20:43:40+00:00,2021-09-12 12:01:56+00:00,2022-11-20 17:36:42+00:00,2021-04-08 13:55:00+00:00,2021-09-12 17:10:06+00:00,2022-10-23 12:30:47+00:00,,2022-05-29 17:34:39+00:00,2021-09-05 14:36:41+00:00,,2021-10-24 17:19:28+00:00,2021-09-19 16:12:30+00:00,2021-05-20 16:15:48+00:00,,2021-09-26 09:27:52+00:00,,2022-10-23 08:44:11+00:00,,,
2022-08-01 17:12:18+00:00,2021-09-19 11:01:17+00:00,2022-12-01 08:35:52+00:00,2021-04-11 12:24:42+00:00,2021-09-19 18:39:29+00:00,2022-11-06 17:29:31+00:00,,2022-06-06 18:03:53+00:00,2021-09-12 14:06:02+00:00,,2021-11-01 10:18:48+00:00,2021-09-26 18:11:51+00:00,2021-05-24 17:45:25+00:00,,2021-10-03 08:57:13+00:00,,2022-11-06 10:13:04+00:00,,,
2022-08-22 18:10:22+00:00,2021-09-26 10:30:40+00:00,2022-12-18 17:04:40+00:00,2021-04-15 16:24:19+00:00,2021-09-26 23:08:52+00:00,2022-11-20 15:28:21+00:00,,2022-06-12 13:33:21+00:00,2021-09-19 15:05:23+00:00,,2021-11-07 09:18:19+00:00,2021-10-03 16:41:13+00:00,2021-06-03 18:14:28+00:00,,2021-10-10 07:56:35+00:00,,2022-11-20 08:12:02+00:00,,,
2022-09-04 16:09:11+00:00,2021-10-03 09:30:01+00:00,2022-12-26 16:34:00+00:00,2021-04-18 11:24:03+00:00,2021-10-03 19:08:16+00:00,2022-12-04 15:27:17+00:00,,2022-06-19 20:32:40+00:00,2021-09-26 15:04:44+00:00,,2021-11-14 09:17:29+00:00,2021-10-10 17:10:36+00:00,2021-06-06 09:44:12+00:00,,2021-10-18 16:25:53+00:00,,2022-12-04 07:11:08+00:00,,,
2022-09-18 14:37:55+00:00,2021-10-10 07:59:25+00:00,2023-01-01 17:33:30+00:00,2021-04-22 13:23:39+00:00,2021-10-10 22:07:41+00:00,2022-12-18 12:26:23+00:00,,2022-06-27 13:01:56+00:00,2021-10-03 14:04:06+00:00,,2021-11-21 07:46:49+00:00,2021-10-18 16:39:56+00:00,2021-06-10 14:13:48+00:00,,2021-11-01 12:54:41+00:00,,,,,
2022-10-02 14:06:45+00:00,2021-10-24 11:28:14+00:00,2023-01-15 17:02:22+00:00,2021-04-25 09:53:21+00:00,2021-10-24 16:06:36+00:00,2022-12-26 11:25:45+00:00,,2022-07-05 12:01:10+00:00,2021-10-10 11:03:29+00:00,,2021-12-22 14:14:53+00:00,2021-10-24 16:39:25+00:00,2021-06-13 07:43:32+00:00,,2021-11-14 08:53:40+00:00,,,,,
2022-10-17 14:35:26+00:00,2021-11-01 04:57:36+00:00,2023-01-29 15:01:26+00:00,2021-04-29 15:52:55+00:00,2021-11-01 18:35:57+00:00,2023-01-01 12:25:15+00:00,,2022-07-13 12:00:25+00:00,2021-10-18 18:32:48+00:00,,2022-01-02 10:44:00+00:00,2021-11-01 22:38:44+00:00,,,2021-11-21 06:53:07+00:00,,,,,
2022-10-30 15:34:18+00:00,2021-11-07 07:57:09+00:00,2023-02-12 15:00:28+00:00,2021-05-02 07:52:39+00:00,2021-11-07 15:05:32+00:00,2023-01-08 12:24:42+00:00,,2022-07-25 13:29:18+00:00,2021-11-01 15:31:39+00:00,,2022-01-09 09:13:27+00:00,2021-11-07 22:38:16+00:00,,,2021-11-28 16:52:34+00:00,,,,,
2022-11-06 15:33:44+00:00,2021-11-14 08:26:20+00:00,2023-02-26 15:59:19+00:00,2021-05-06 15:52:13+00:00,2021-11-14 18:35:00+00:00,2023-01-22 14:23:42+00:00,,2022-08-01 15:58:37+00:00,2021-11-07 13:31:13+00:00,,2022-01-16 08:43:00+00:00,2021-11-15 00:07:25+00:00,,,2021-12-05 11:52:04+00:00,,,,,
2022-11-20 15:02:39+00:00,2021-11-21 09:25:27+00:00,2023-03-12 18:28:14+00:00,2021-05-09 09:51:57+00:00,2021-11-21 22:34:29+00:00,2023-02-05 11:22:44+00:00,,2022-08-24 20:56:28+00:00,2021-11-14 11:30:24+00:00,,2022-01-23 12:12:28+00:00,2021-11-22 02:36:31+00:00,,,2021-12-12 08:21:34+00:00,,,,,
2022-12-11 14:01:13+00:00,2021-11-28 12:54:34+00:00,2023-03-26 15:27:01+00:00,2021-05-16 14:21:12+00:00,2021-11-28 23:04:01+00:00,2023-02-19 17:21:43+00:00,,2022-09-12 14:54:41+00:00,2021-11-21 08:59:31+00:00,,2022-01-30 08:11:58+00:00,2021-11-29 02:05:39+00:00,,,2021-12-19 09:51:04+00:00,,,,,
2022-12-26 18:30:12+00:00,2021-12-05 12:23:43+00:00,2023-04-10 14:55:44+00:00,2021-05-20 14:50:48+00:00,2021-12-05 22:03:33+00:00,2023-03-05 14:20:40+00:00,,2022-09-25 20:53:27+00:00,2021-11-28 12:28:39+00:00,,2022-02-06 06:11:26+00:00,2021-12-06 02:04:48+00:00,,,2021-12-26 10:50:34+00:00,,,,,
2023-01-01 15:29:46+00:00,2021-12-12 07:54:37+00:00,2023-04-23 15:24:35+00:00,2021-05-24 19:20:22+00:00,2021-12-12 17:03:07+00:00,2023-03-19 13:49:31+00:00,,2022-10-02 16:52:50+00:00,2021-12-05 15:27:46+00:00,,2022-02-13 09:40:54+00:00,2021-12-12 22:05:43+00:00,,,2022-01-02 10:49:59+00:00,,,,,
2023-01-08 13:59:15+00:00,2021-12-19 07:54:08+00:00,2023-05-07 15:23:18+00:00,2021-05-27 14:20:04+00:00,2021-12-19 17:02:39+00:00,2023-04-02 13:18:18+00:00,,2022-10-09 19:22:10+00:00,2021-12-12 12:28:40+00:00,,2022-02-20 10:40:19+00:00,2021-12-19 20:05:14+00:00,,,2022-01-09 08:19:27+00:00,,,,,
2023-01-22 14:28:19+00:00,2021-12-26 11:53:39+00:00,2023-05-21 16:22:00+00:00,2021-05-30 13:49:46+00:00,2021-12-26 19:02:11+00:00,2023-04-13 11:47:23+00:00,,2022-10-23 21:50:51+00:00,2021-12-19 10:58:11+00:00,,2022-03-06 01:39:15+00:00,2021-12-26 15:34:46+00:00,,,2022-01-16 07:18:59+00:00,,,,,
2023-02-05 13:57:27+00:00,2022-01-02 11:23:06+00:00,2023-06-04 21:20:42+00:00,2021-06-03 18:49:21+00:00,2022-01-02 15:01:40+00:00,2023-05-07 14:15:13+00:00,,2022-10-30 18:20:13+00:00,2021-12-26 15:27:42+00:00,,2022-03-13 17:38:39+00:00,2022-01-03 02:04:10+00:00,,,2022-01-23 10:48:28+00:00,,,,,
2023-02-19 16:26:33+00:00,2022-01-09 17:22:34+00:00,2023-06-18 22:19:24+00:00,2021-06-06 08:49:04+00:00,2022-01-09 14:01:11+00:00,2023-05-21 17:43:55+00:00,,2022-11-07 15:19:31+00:00,2022-01-02 18:57:07+00:00,,2022-03-27 10:37:27+00:00,2022-01-09 22:03:40+00:00,,,2022-01-30 06:17:58+00:00,,,,,
2023-03-05 16:25:36+00:00,2022-01-16 11:22:09+00:00,2023-07-02 19:48:06+00:00,2021-06-10 15:18:38+00:00,2022-01-16 11:30:46+00:00,2023-06-04 19:12:35+00:00,,2022-11-14 11:48:56+00:00,2022-01-09 13:56:38+00:00,,2022-04-10 13:06:14+00:00,2022-01-16 20:33:13+00:00,,,2022-02-06 06:47:26+00:00,,,,,
2023-03-19 13:54:34+00:00,2022-01-23 09:51:40+00:00,2023-07-16 18:46:49+00:00,2021-06-13 13:48:20+00:00,2022-01-23 16:00:18+00:00,2023-06-18 19:11:15+00:00,,2022-11-20 16:18:24+00:00,2022-01-16 11:26:12+00:00,,2022-04-18 07:35:31+00:00,2022-01-23 18:32:45+00:00,,,2022-02-13 07:16:54+00:00,,,,,
2023-04-02 15:53:25+00:00,2022-01-30 06:21:12+00:00,2023-07-30 18:15:29+00:00,2021-06-17 15:17:56+00:00,2022-01-30 15:59:50+00:00,2023-07-02 17:39:55+00:00,,2022-11-27 18:47:50+00:00,2022-01-23 14:25:43+00:00,,2022-04-24 05:04:59+00:00,2022-01-30 20:32:15+00:00,,,2022-02-20 06:16:20+00:00,,,,,
2023-04-16 17:22:20+00:00,2022-02-06 08:50:41+00:00,2023-08-13 18:14:09+00:00,2021-06-20 13:17:39+00:00,2022-02-06 15:29:21+00:00,2023-07-16 21:08:35+00:00,,2022-12-04 15:47:18+00:00,2022-01-30 12:25:15+00:00,,2022-05-01 11:04:18+00:00,2022-02-06 21:01:44+00:00,,,2022-02-27 04:45:46+00:00,,,,,
2023-04-23 10:21:47+00:00,2022-02-13 10:50:11+00:00,2023-08-27 14:42:52+00:00,2021-06-24 16:47:13+00:00,2022-02-13 20:28:51+00:00,2023-07-30 16:37:15+00:00,,2022-12-11 17:16:47+00:00,2022-02-06 10:54:45+00:00,,2022-05-08 09:03:38+00:00,2022-02-13 22:31:13+00:00,,,2022-03-06 09:45:14+00:00,,,,,
2023-04-30 16:21:10+00:00,2022-02-20 05:19:39+00:00,2023-09-10 17:11:33+00:00,2021-06-27 13:46:55+00:00,2022-02-20 17:28:20+00:00,2023-08-07 12:36:30+00:00,,2022-12-18 16:16:19+00:00,2022-02-13 11:24:15+00:00,,2022-05-15 10:02:57+00:00,2022-02-20 21:00:40+00:00,,,2022-03-13 09:14:42+00:00,,,,,
2023-05-07 12:20:34+00:00,2022-02-27 10:19:06+00:00,2023-09-24 17:10:12+00:00,2021-07-01 17:46:29+00:00,2022-02-27 21:57:48+00:00,2023-08-20 18:05:16+00:00,,2022-12-26 20:45:38+00:00,2022-02-20 11:53:42+00:00,,2022-05-22 11:02:16+00:00,2022-02-27 20:00:08+00:00,,,2022-03-20 09:14:06+00:00,,,,,
2023-05-14 11:49:58+00:00,2022-03-06 10:18:37+00:00,2023-10-08 16:08:54+00:00,2021-07-04 09:46:12+00:00,2022-03-06 18:57:20+00:00,2023-09-03 15:03:57+00:00,,2023-01-01 19:45:08+00:00,2022-02-27 11:53:10+00:00,,2022-05-29 10:01:34+00:00,2022-03-06 17:29:38+00:00,,,2022-03-27 08:43:29+00:00,,,,,
2023-05-29 13:56:05+00:00,2022-03-13 10:18:22+00:00,2023-10-23 12:37:31+00:00,2021-07-08 14:45:45+00:00,2022-03-13 18:56:51+00:00,2023-09-17 14:32:36+00:00,,2023-01-08 19:44:33+00:00,2022-03-06 11:22:42+00:00,,2022-06-06 10:00:47+00:00,2022-03-13 19:59:06+00:00,,,2022-04-03 04:12:54+00:00,,,,,
2023-06-04 14:55:02+00:00,2022-03-20 09:47:33+00:00,2023-11-04 13:21:21+00:00,2021-07-11 12:15:27+00:00,2022-03-20 19:26:17+00:00,2023-10-01 13:01:17+00:00,,2023-01-15 16:44:00+00:00,2022-03-13 13:22:12+00:00,,2022-06-12 08:00:13+00:00,2022-03-20 23:28:29+00:00,,,2022-04-10 05:12:18+00:00,,,,,
2023-06-18 17:13:48+00:00,2022-03-27 10:46:58+00:00,,2021-07-15 15:15:01+00:00,2022-03-27 17:55:44+00:00,2023-10-16 16:59:52+00:00,,2023-01-22 17:13:31+00:00,2022-03-20 11:21:38+00:00,,2022-06-19 10:29:31+00:00,,,,2022-04-18 08:11:34+00:00,,,,,
2023-06-25 20:37:09+00:00,,,2021-07-22 16:14:18+00:00,2022-04-03 16:25:12+00:00,2023-10-29 16:28:43+00:00,,2023-01-29 17:13:03+00:00,,,2022-06-26 09:58:50+00:00,,,,2022-04-24 08:11:00+00:00,,,,,
2023-07-09 17:44:12+00:00,,,2021-07-25 08:44:01+00:00,2022-04-10 15:24:39+00:00,2023-11-12 13:27:35+00:00,,2023-02-05 19:42:30+00:00,,,2022-07-06 15:27:50+00:00,,,,2022-05-01 09:10:22+00:00,,,,,
2023-07-23 16:56:44+00:00,,,2021-07-29 12:43:35+00:00,2022-04-18 17:23:59+00:00,2023-11-26 13:56:27+00:00,,2023-02-12 19:12:01+00:00,,,2022-07-18 13:26:40+00:00,,,,2022-05-08 06:09:43+00:00,,,,,
2023-08-06 16:25:26+00:00,,,2021-08-05 13:12:50+00:00,2022-04-24 16:23:29+00:00,,,2023-02-19 20:41:27+00:00,,,2022-07-24 12:26:05+00:00,,,,2022-05-15 07:39:02+00:00,,,,,
2023-08-20 19:24:09+00:00,,,2021-08-12 12:12:07+00:00,2022-05-01 16:52:54+00:00,,,2023-02-26 17:40:53+00:00,,,2022-07-31 23:25:20+00:00,,,,2022-05-22 10:08:19+00:00,,,,,
2023-09-03 18:22:52+00:00,,,2021-08-15 07:41:50+00:00,2022-05-08 14:22:19+00:00,,,2023-03-05 20:40:21+00:00,,,2022-08-22 14:53:13+00:00,,,,2022-05-29 05:37:40+00:00,,,,,
2023-09-17 16:21:34+00:00,,,2021-08-19 12:41:23+00:00,2022-05-15 17:21:41+00:00,,,2023-03-12 18:09:47+00:00,,,2022-09-03 15:52:01+00:00,,,,2022-06-06 10:36:52+00:00,,,,,
2023-10-01 14:48:42+00:00,,,2021-08-22 07:41:06+00:00,2022-05-22 18:51:04+00:00,,,2023-03-20 14:39:06+00:00,,,2022-09-18 17:50:32+00:00,,,,2022-06-12 08:06:18+00:00,,,,,
,,,2021-08-26 15:40:38+00:00,2022-05-29 18:20:27+00:00,,,2023-03-26 17:08:33+00:00,,,2022-10-02 16:49:14+00:00,,,,2022-06-19 11:05:36+00:00,,,,,
,,,2021-08-29 10:10:20+00:00,2022-06-06 17:49:46+00:00,,,2023-04-02 17:37:56+00:00,,,2022-10-09 08:48:36+00:00,,,,2022-06-26 10:34:54+00:00,,,,,
,,,2021-09-02 12:09:55+00:00,2022-06-12 15:19:15+00:00,,,2023-04-10 18:07:16+00:00,,,2022-10-23 11:17:15+00:00,,,,2022-07-06 12:03:55+00:00,,,,,
,,,2021-09-05 10:39:37+00:00,2022-06-19 17:18:39+00:00,,,2023-04-16 16:36:45+00:00,,,2022-11-06 14:45:57+00:00,,,,2022-07-18 15:32:42+00:00,,,,,
,,,2021-09-09 12:09:12+00:00,2022-06-26 21:18:02+00:00,,,2023-04-23 18:36:07+00:00,,,2022-11-23 18:44:29+00:00,,,,2022-07-24 10:32:08+00:00,,,,,
,,,2021-09-12 04:08:55+00:00,2022-07-06 18:17:10+00:00,,,2023-05-01 19:35:22+00:00,,,2022-12-07 17:13:24+00:00,,,,2022-08-01 11:31:20+00:00,,,,,
,,,2021-09-16 15:08:27+00:00,2022-07-18 21:16:07+00:00,,,2023-05-14 16:34:10+00:00,,,2022-12-18 10:12:40+00:00,,,,2022-08-07 10:30:44+00:00,,,,,
,,,2021-09-23 14:07:43+00:00,2022-07-24 15:15:37+00:00,,,2023-05-21 18:03:31+00:00,,,2022-12-26 11:42:01+00:00,,,,2022-08-28 12:28:39+00:00,,,,,
,,,2021-09-26 12:07:25+00:00,2022-08-01 09:14:56+00:00,,,2023-05-30 14:02:42+00:00,,,2023-01-01 15:41:29+00:00,,,,2022-09-04 08:57:58+00:00,,,,,
,,,2021-09-30 12:36:59+00:00,2022-08-07 17:44:23+00:00,,,2023-06-05 12:02:08+00:00,,,2023-01-08 14:40:54+00:00,,,,2022-09-11 07:57:18+00:00,,,,,
,,,2021-10-03 16:36:39+00:00,2022-08-22 21:43:02+00:00,,,2023-06-12 15:01:28+00:00,,,2023-01-15 08:40:21+00:00,,,,2022-09-18 03:56:38+00:00,,,,,
,,,2021-10-07 14:06:15+00:00,2022-08-28 15:42:32+00:00,,,2023-06-19 16:00:48+00:00,,,2023-01-29 10:09:25+00:00,,,,2022-09-25 04:56:00+00:00,,,,,
,,,2021-10-14 09:05:35+00:00,2022-09-04 17:11:54+00:00,,,2023-06-26 20:30:07+00:00,,,2023-02-05 05:38:54+00:00,,,,2022-10-02 07:55:21+00:00,,,,,
,,,2021-10-18 13:05:11+00:00,2022-09-11 23:41:15+00:00,,,2023-07-02 16:29:33+00:00,,,2023-02-12 08:08:25+00:00,,,,2022-10-09 09:24:42+00:00,,,,,
,,,2021-10-21 12:34:52+00:00,2022-09-25 18:10:04+00:00,,,2023-07-09 20:28:53+00:00,,,2023-02-19 08:37:51+00:00,,,,2022-10-17 10:23:56+00:00,,,,,
,,,2021-10-24 10:04:36+00:00,2022-10-02 16:39:29+00:00,,,2023-07-16 19:58:14+00:00,,,2023-02-26 09:37:15+00:00,,,,2022-10-23 06:53:23+00:00,,,,,
,,,2021-10-28 11:34:12+00:00,2022-10-09 15:09:08+00:00,,,2023-07-23 18:27:34+00:00,,,2023-03-05 10:06:44+00:00,,,,2022-10-30 07:22:44+00:00,,,,,
,,,2021-11-04 12:03:31+00:00,,,,2023-08-06 16:26:13+00:00,,,2023-03-12 10:06:09+00:00,,,,2022-11-06 07:22:07+00:00,,,,,
,,,2021-11-11 19:02:51+00:00,,,,2023-08-14 18:55:28+00:00,,,2023-03-19 09:35:32+00:00,,,,2022-11-13 10:21:30+00:00,,,,,
,,,2021-11-14 17:32:34+00:00,,,,2023-08-27 17:24:16+00:00,,,2023-03-26 08:34:54+00:00,,,,2022-11-20 09:50:54+00:00,,,,,
,,,2021-11-18 14:02:13+00:00,,,,2023-09-03 17:53:36+00:00,,,2023-04-02 08:04:17+00:00,,,,2022-11-27 08:50:21+00:00,,,,,
,,,2021-11-25 17:31:34+00:00,,,,2023-09-10 18:52:57+00:00,,,2023-04-10 04:33:36+00:00,,,,2022-12-04 03:49:49+00:00,,,,,
,,,2021-12-02 13:31:00+00:00,,,,2023-09-17 18:52:17+00:00,,,2023-04-16 07:03:04+00:00,,,,2022-12-11 04:19:18+00:00,,,,,
,,,2021-12-05 07:00:46+00:00,,,,2023-09-24 17:21:37+00:00,,,2023-04-23 08:32:25+00:00,,,,2022-12-18 07:48:50+00:00,,,,,
,,,2021-12-09 13:00:23+00:00,,,,2023-10-01 18:20:58+00:00,,,2023-05-14 13:00:25+00:00,,,,2022-12-26 11:18:10+00:00,,,,,
,,,2021-12-12 11:00:08+00:00,,,,2023-10-08 17:20:19+00:00,,,2023-05-21 12:29:45+00:00,,,,2023-01-01 10:17:40+00:00,,,,,
,,,2021-12-16 15:59:46+00:00,,,,2023-10-17 15:19:29+00:00,,,2023-05-29 12:28:59+00:00,,,,2023-01-08 09:47:05+00:00,,,,,
,,,2021-12-19 13:59:32+00:00,,,,2023-10-23 17:48:56+00:00,,,2023-06-04 09:28:25+00:00,,,,2023-01-15 05:46:32+00:00,,,,,
,,,2021-12-23 14:59:12+00:00,,,,2023-10-29 16:48:23+00:00,,,2023-06-11 10:57:44+00:00,,,,2023-01-22 07:46:03+00:00,,,,,
,,,2021-12-28 16:58:44+00:00,,,,2023-11-05 19:47:46+00:00,,,2023-06-18 09:57:03+00:00,,,,2023-01-29 06:15:35+00:00,,,,,
,,,2022-01-06 13:27:53+00:00,,,,2023-11-12 19:47:11+00:00,,,2023-06-25 11:26:21+00:00,,,,2023-02-05 08:45:02+00:00,,,,,
,,,2022-01-09 14:27:38+00:00,,,,2023-11-19 18:46:35+00:00,,,2023-07-02 11:25:39+00:00,,,,2023-02-12 08:14:34+00:00,,,,,
,,,2022-01-13 11:57:19+00:00,,,,2023-11-26 17:46:02+00:00,,,2023-07-09 11:24:58+00:00,,,,2023-02-19 08:14:00+00:00,,,,,
,,,2022-01-16 15:27:04+00:00,,,,,,,2023-07-23 10:23:35+00:00,,,,2023-02-26 10:43:24+00:00,,,,,
,,,2022-01-20 09:26:44+00:00,,,,,,,2023-08-06 11:52:11+00:00,,,,2023-03-05 09:12:53+00:00,,,,,
,,,2022-01-23 11:26:29+00:00,,,,,,,2023-08-20 13:50:48+00:00,,,,2023-03-12 07:42:19+00:00,,,,,
,,,2022-01-27 12:56:09+00:00,,,,,,,2023-09-03 08:19:28+00:00,,,,2023-03-19 08:41:43+00:00,,,,,
,,,2022-01-30 08:55:54+00:00,,,,,,,2023-09-17 13:48:03+00:00,,,,2023-03-26 08:11:05+00:00,,,,,
,,,2022-02-03 12:55:31+00:00,,,,,,,2023-09-24 07:47:24+00:00,,,,2023-04-02 06:10:28+00:00,,,,,
,,,2022-02-10 16:24:53+00:00,,,,,,,2023-10-08 13:16:01+00:00,,,,2023-04-10 11:09:47+00:00,,,,,
,,,2022-02-13 05:24:40+00:00,,,,,,,2023-10-22 21:44:39+00:00,,,,2023-04-16 05:09:16+00:00,,,,,
,,,2022-02-17 08:54:17+00:00,,,,,,,2023-11-05 13:13:25+00:00,,,,2023-04-23 02:38:39+00:00,,,,,
,,,2022-02-20 12:23:58+00:00,,,,,,,2023-11-26 12:41:40+00:00,,,,2023-04-30 12:07:58+00:00,,,,,
,,,2022-02-24 08:53:37+00:00,,,,,,,,,,,2023-05-07 05:07:20+00:00,,,,,
,,,2022-02-27 12:53:19+00:00,,,,,,,,,,,2023-05-14 10:06:39+00:00,,,,,
,,,2022-03-03 09:22:59+00:00,,,,,,,,,,,2023-05-21 12:06:00+00:00,,,,,
,,,2022-03-10 09:52:23+00:00,,,,,,,,,,,2023-05-29 12:05:13+00:00,,,,,
,,,2022-03-13 16:22:04+00:00,,,,,,,,,,,2023-06-04 14:04:37+00:00,,,,,
,,,2022-03-17 10:21:42+00:00,,,,,,,,,,,2023-06-11 12:33:56+00:00,,,,,
,,,2022-03-20 06:21:25+00:00,,,,,,,,,,,2023-06-18 11:03:14+00:00,,,,,
,,,2022-03-24 14:21:00+00:00,,,,,,,,,,,2023-06-25 11:32:32+00:00,,,,,
,,,2022-03-27 11:20:43+00:00,,,,,,,,,,,2023-07-02 09:01:51+00:00,,,,,
,,,2022-03-31 06:50:20+00:00,,,,,,,,,,,2023-07-09 11:31:08+00:00,,,,,
,,,2022-04-03 05:20:04+00:00,,,,,,,,,,,2023-07-16 12:30:26+00:00,,,,,
,,,2022-04-07 11:19:40+00:00,,,,,,,,,,,2023-07-23 07:59:45+00:00,,,,,
,,,2022-04-10 12:19:22+00:00,,,,,,,,,,,2023-07-30 09:29:04+00:00,,,,,
,,,2022-04-13 10:49:04+00:00,,,,,,,,,,,2023-08-06 06:58:23+00:00,,,,,
,,,2022-04-18 07:18:35+00:00,,,,,,,,,,,2023-08-13 10:57:41+00:00,,,,,
,,,2022-04-21 11:18:16+00:00,,,,,,,,,,,2023-08-20 10:56:59+00:00,,,,,
,,,2022-04-24 09:47:58+00:00,,,,,,,,,,,2023-08-27 05:56:18+00:00,,,,,
,,,2022-04-28 13:17:33+00:00,,,,,,,,,,,2023-09-03 10:55:37+00:00,,,,,
,,,2022-05-01 04:47:16+00:00,,,,,,,,,,,2023-09-10 10:24:55+00:00,,,,,
,,,2022-05-05 15:46:49+00:00,,,,,,,,,,,2023-09-17 03:54:15+00:00,,,,,
,,,2022-05-08 17:46:29+00:00,,,,,,,,,,,2023-09-24 10:53:33+00:00,,,,,
,,,2022-05-12 12:46:06+00:00,,,,,,,,,,,2023-10-01 08:22:53+00:00,,,,,
,,,2022-05-19 16:15:22+00:00,,,,,,,,,,,2023-10-08 12:22:12+00:00,,,,,
,,,2022-05-22 13:15:04+00:00,,,,,,,,,,,2023-10-16 13:21:26+00:00,,,,,
,,,2022-05-29 16:14:19+00:00,,,,,,,,,,,2023-10-23 09:20:49+00:00,,,,,
,,,2022-06-02 16:13:54+00:00,,,,,,,,,,,2023-10-29 07:20:17+00:00,,,,,
,,,2022-06-06 13:43:30+00:00,,,,,,,,,,,2023-11-05 10:49:40+00:00,,,,,
,,,2022-06-09 10:13:12+00:00,,,,,,,,,,,2023-11-12 09:49:05+00:00,,,,,
,,,2022-06-16 13:42:29+00:00,,,,,,,,,,,2023-11-19 09:18:29+00:00,,,,,
,,,2022-06-19 16:42:11+00:00,,,,,,,,,,,2023-11-26 06:17:55+00:00,,,,,
,,,2022-06-23 17:41:46+00:00,,,,,,,,,,,,,,,,
,,,2022-06-26 14:11:29+00:00,,,,,,,,,,,,,,,,
,,,2022-06-30 23:11:01+00:00,,,,,,,,,,,,,,,,
,,,2022-07-04 18:40:38+00:00,,,,,,,,,,,,,,,,
,,,2022-07-07 15:10:20+00:00,,,,,,,,,,,,,,,,
,,,2022-07-10 15:10:01+00:00,,,,,,,,,,,,,,,,
,,,2022-07-18 16:09:14+00:00,,,,,,,,,,,,,,,,
,,,2022-07-24 14:38:38+00:00,,,,,,,,,,,,,,,,
,,,2022-07-28 14:08:13+00:00,,,,,,,,,,,,,,,,
,,,2022-08-04 10:07:31+00:00,,,,,,,,,,,,,,,,
,,,2022-08-07 09:37:13+00:00,,,,,,,,,,,,,,,,
,,,2022-08-11 09:36:48+00:00,,,,,,,,,,,,,,,,
,,,2022-08-15 11:06:23+00:00,,,,,,,,,,,,,,,,
,,,2022-08-22 14:05:39+00:00,,,,,,,,,,,,,,,,
,,,2022-08-28 17:35:01+00:00,,,,,,,,,,,,,,,,
,,,2022-09-04 17:34:17+00:00,,,,,,,,,,,,,,,,
,,,2022-09-08 12:33:52+00:00,,,,,,,,,,,,,,,,
,,,2022-09-11 09:03:34+00:00,,,,,,,,,,,,,,,,
,,,2022-09-15 11:33:08+00:00,,,,,,,,,,,,,,,,
,,,2022-09-18 11:32:49+00:00,,,,,,,,,,,,,,,,
,,,2022-09-22 10:02:25+00:00,,,,,,,,,,,,,,,,
,,,2022-09-29 12:01:41+00:00,,,,,,,,,,,,,,,,
,,,2022-10-06 18:30:56+00:00,,,,,,,,,,,,,,,,
,,,2022-10-13 13:00:13+00:00,,,,,,,,,,,,,,,,
,,,2022-10-20 09:59:30+00:00,,,,,,,,,,,,,,,,
,,,2022-10-27 09:28:46+00:00,,,,,,,,,,,,,,,,
,,,2022-10-30 08:58:28+00:00,,,,,,,,,,,,,,,,
,,,2022-11-03 11:58:03+00:00,,,,,,,,,,,,,,,,
,,,2022-11-06 15:27:44+00:00,,,,,,,,,,,,,,,,
,,,2022-11-10 10:27:22+00:00,,,,,,,,,,,,,,,,
,,,2022-11-13 08:27:04+00:00,,,,,,,,,,,,,,,,
,,,2022-11-17 12:56:40+00:00,,,,,,,,,,,,,,,,
,,,2022-11-20 08:56:24+00:00,,,,,,,,,,,,,,,,
,,,2022-11-23 14:56:05+00:00,,,,,,,,,,,,,,,,
,,,2022-11-27 10:25:45+00:00,,,,,,,,,,,,,,,,
,,,2022-12-01 11:25:22+00:00,,,,,,,,,,,,,,,,
,,,2022-12-04 06:25:08+00:00,,,,,,,,,,,,,,,,
,,,2022-12-07 12:24:51+00:00,,,,,,,,,,,,,,,,
,,,2022-12-11 12:54:30+00:00,,,,,,,,,,,,,,,,
,,,2022-12-14 12:54:17+00:00,,,,,,,,,,,,,,,,
,,,2022-12-18 12:23:57+00:00,,,,,,,,,,,,,,,,
,,,2022-12-28 16:53:00+00:00,,,,,,,,,,,,,,,,
,,,2023-01-01 16:52:36+00:00,,,,,,,,,,,,,,,,
,,,2023-01-08 11:21:58+00:00,,,,,,,,,,,,,,,,
,,,2023-01-11 13:51:41+00:00,,,,,,,,,,,,,,,,
,,,2023-01-15 10:21:19+00:00,,,,,,,,,,,,,,,,
,,,2023-01-19 09:50:59+00:00,,,,,,,,,,,,,,,,
,,,2023-01-24 10:20:36+00:00,,,,,,,,,,,,,,,,
,,,2023-01-29 07:20:12+00:00,,,,,,,,,,,,,,,,
,,,2023-02-01 14:49:55+00:00,,,,,,,,,,,,,,,,
,,,2023-02-05 16:49:33+00:00,,,,,,,,,,,,,,,,
,,,2023-02-08 16:49:18+00:00,,,,,,,,,,,,,,,,
,,,2023-02-12 11:49:00+00:00,,,,,,,,,,,,,,,,
,,,2023-02-15 09:48:45+00:00,,,,,,,,,,,,,,,,
,,,2023-02-19 12:48:20+00:00,,,,,,,,,,,,,,,,
,,,2023-02-22 19:18:02+00:00,,,,,,,,,,,,,,,,
,,,2023-02-26 14:17:40+00:00,,,,,,,,,,,,,,,,
,,,2023-03-05 13:47:04+00:00,,,,,,,,,,,,,,,,
,,,2023-03-09 11:46:42+00:00,,,,,,,,,,,,,,,,
,,,2023-03-15 13:46:07+00:00,,,,,,,,,,,,,,,,
,,,2023-03-19 17:45:42+00:00,,,,,,,,,,,,,,,,
,,,2023-03-22 15:15:25+00:00,,,,,,,,,,,,,,,,
,,,2023-03-26 08:45:02+00:00,,,,,,,,,,,,,,,,
,,,2023-03-30 10:14:38+00:00,,,,,,,,,,,,,,,,
,,,2023-04-02 08:14:20+00:00,,,,,,,,,,,,,,,,
,,,2023-04-05 15:14:02+00:00,,,,,,,,,,,,,,,,
,,,2023-04-10 08:13:34+00:00,,,,,,,,,,,,,,,,
,,,2023-04-13 13:13:15+00:00,,,,,,,,,,,,,,,,
,,,2023-04-16 09:42:58+00:00,,,,,,,,,,,,,,,,
,,,2023-04-19 13:12:39+00:00,,,,,,,,,,,,,,,,
,,,2023-04-23 08:12:16+00:00,,,,,,,,,,,,,,,,
,,,2023-04-27 14:41:50+00:00,,,,,,,,,,,,,,,,
,,,2023-05-01 15:41:24+00:00,,,,,,,,,,,,,,,,
,,,2023-05-04 11:41:07+00:00,,,,,,,,,,,,,,,,
,,,2023-05-07 09:10:49+00:00,,,,,,,,,,,,,,,,
,,,2023-05-10 15:10:28+00:00,,,,,,,,,,,,,,,,
,,,2023-05-18 16:09:38+00:00,,,,,,,,,,,,,,,,
,,,2023-05-21 13:09:20+00:00,,,,,,,,,,,,,,,,
,,,2023-05-25 15:38:54+00:00,,,,,,,,,,,,,,,,
,,,2023-05-29 16:38:30+00:00,,,,,,,,,,,,,,,,
,,,2023-06-01 12:38:13+00:00,,,,,,,,,,,,,,,,
,,,2023-06-11 17:37:12+00:00,,,,,,,,,,,,,,,,
,,,2023-06-15 14:36:49+00:00,,,,,,,,,,,,,,,,
,,,2023-06-22 17:06:05+00:00,,,,,,,,,,,,,,,,
,,,2023-06-25 16:05:47+00:00,,,,,,,,,,,,,,,,
,,,2023-06-29 12:35:23+00:00,,,,,,,,,,,,,,,,
,,,2023-07-02 10:05:04+00:00,,,,,,,,,,,,,,,,
,,,2023-07-06 14:04:38+00:00,,,,,,,,,,,,,,,,
,,,2023-07-09 17:04:20+00:00,,,,,,,,,,,,,,,,
,,,2023-07-13 14:03:56+00:00,,,,,,,,,,,,,,,,
,,,2023-07-16 09:03:39+00:00,,,,,,,,,,,,,,,,
,,,2023-07-20 12:33:13+00:00,,,,,,,,,,,,,,,,
,,,2023-07-23 10:02:55+00:00,,,,,,,,,,,,,,,,
,,,2023-07-27 13:32:28+00:00,,,,,,,,,,,,,,,,
,,,2023-07-30 11:32:09+00:00,,,,,,,,,,,,,,,,
,,,2023-08-03 11:01:44+00:00,,,,,,,,,,,,,,,,
,,,2023-08-06 11:01:25+00:00,,,,,,,,,,,,,,,,
,,,2023-08-10 11:30:59+00:00,,,,,,,,,,,,,,,,
,,,2023-08-17 21:00:14+00:00,,,,,,,,,,,,,,,,
,,,2023-08-24 10:29:35+00:00,,,,,,,,,,,,,,,,
,,,2023-08-27 09:29:17+00:00,,,,,,,,,,,,,,,,
,,,2023-08-31 12:58:50+00:00,,,,,,,,,,,,,,,,
,,,2023-09-03 08:28:33+00:00,,,,,,,,,,,,,,,,
,,,2023-09-07 12:58:07+00:00,,,,,,,,,,,,,,,,
,,,2023-09-10 13:27:48+00:00,,,,,,,,,,,,,,,,
,,,2023-09-14 13:27:23+00:00,,,,,,,,,,,,,,,,
,,,2023-09-17 07:57:05+00:00,,,,,,,,,,,,,,,,
,,,2023-09-21 10:26:39+00:00,,,,,,,,,,,,,,,,
,,,2023-09-24 08:56:21+00:00,,,,,,,,,,,,,,,,
,,,2023-09-28 12:55:55+00:00,,,,,,,,,,,,,,,,
,,,2023-10-01 09:55:37+00:00,,,,,,,,,,,,,,,,
,,,2023-10-05 12:55:11+00:00,,,,,,,,,,,,,,,,
,,,2023-10-08 05:24:54+00:00,,,,,,,,,,,,,,,,
,,,2023-10-12 14:54:26+00:00,,,,,,,,,,,,,,,,
,,,2023-10-23 10:53:19+00:00,,,,,,,,,,,,,,,,
,,,2023-10-29 07:22:43+00:00,,,,,,,,,,,,,,,,
,,,2023-11-02 12:22:18+00:00,,,,,,,,,,,,,,,,
,,,2023-11-09 18:51:36+00:00,,,,,,,,,,,,,,,,
,,,2023-11-11 18:21:25+00:00,,,,,,,,,,,,,,,,
,,,2023-11-19 11:20:40+00:00,,,,,,,,,,,,,,,,
