624e62e7-2b0b-43dc-a992-77ab95adbbb8,ae87483e-d1ed-4169-a05b-5f53d38c7185,4f48bac6-9d0e-4879-93ad-5bf39b4c5915,3dd2b101-9f8d-41fa-9dc3-823729aefabb,bd1f5d39-0361-4717-9054-845ac2fa33bd,473a8148-3001-42ec-946e-55d479bfc9c4,7cfecc22-d53c-45b4-8eb2-cb8219ca531e,d8a3a3ca-39d7-46a2-9c50-0b5bc1717979,c737f0e5-1838-46ea-8806-89935bd3a560,1e8d1b09-d186-495e-bd1f-cb06afdd5b21,72b408a3-5924-4c60-8f7f-ff534de140fb,fa37f819-027b-4f6e-8e7d-1c80488f036f,f5afab11-faaa-4bf1-8d4f-d76bdf5381f4,04c14b60-34a4-40ab-aae2-bf4d616eb0d6,75ba05c7-3c77-4160-a72d-8dc15efee2c5
2020-02-04 18:07:59+00:00,2020-07-20 20:13:41+00:00,2020-07-27 21:06:55+00:00,2020-07-06 18:11:11+00:00,2020-06-30 13:48:28+00:00,2020-08-03 17:33:41+00:00,2020-07-27 18:37:26+00:00,2020-08-10 16:49:53+00:00,2020-07-20 19:31:35+00:00,2020-07-06 14:59:37+00:00,2020-06-30 12:47:37+00:00,2020-07-06 19:45:47+00:00,2020-07-13 17:46:39+00:00,2020-07-13 11:26:35+00:00,2020-07-27 16:34:15+00:00
2020-02-24 18:06:28+00:00,2020-08-10 19:11:45+00:00,2020-08-10 23:35:25+00:00,2020-07-27 16:09:16+00:00,2020-07-06 16:47:54+00:00,2020-09-01 23:00:51+00:00,,2020-09-07 21:17:28+00:00,2020-08-10 18:29:46+00:00,2020-07-20 18:58:11+00:00,2020-07-06 17:17:05+00:00,2020-07-20 18:14:36+00:00,2020-08-13 17:43:51+00:00,2020-09-05 23:22:26+00:00,2020-08-24 21:31:36+00:00
2020-03-09 17:35:25+00:00,2020-09-01 18:09:43+00:00,2020-09-01 22:33:05+00:00,2020-08-10 16:08:00+00:00,2020-07-20 18:16:37+00:00,2020-09-21 22:28:55+00:00,,2020-09-21 15:16:18+00:00,2020-09-01 17:57:47+00:00,2020-08-10 19:56:03+00:00,2020-07-13 16:16:30+00:00,2020-08-10 21:42:47+00:00,2020-09-01 20:42:05+00:00,,2020-09-15 17:29:31+00:00
2020-03-23 16:34:17+00:00,2020-09-15 16:38:27+00:00,2020-09-16 00:01:38+00:00,2020-09-01 22:05:58+00:00,2020-08-03 17:15:20+00:00,2020-10-26 13:55:46+00:00,,2020-10-26 14:43:29+00:00,2020-09-15 17:26:32+00:00,2020-08-24 22:54:35+00:00,2020-07-20 15:15:54+00:00,2020-08-25 00:11:33+00:00,2020-09-07 21:41:32+00:00,,2020-10-05 09:27:40+00:00
2020-04-06 20:33:14+00:00,2020-10-05 12:36:41+00:00,2020-10-04 15:29:44+00:00,2020-09-21 21:34:09+00:00,2020-08-17 20:14:03+00:00,2020-11-16 09:23:58+00:00,,2020-11-23 10:11:23+00:00,2020-10-05 14:24:42+00:00,2020-09-15 16:52:21+00:00,2020-07-27 12:45:18+00:00,2020-09-08 14:10:15+00:00,2020-09-21 20:10:15+00:00,,2020-10-26 10:25:51+00:00
2020-04-20 20:31:59+00:00,2020-10-26 14:04:58+00:00,2020-10-21 12:58:08+00:00,2020-10-14 02:32:17+00:00,2020-09-01 19:12:40+00:00,2020-12-07 19:22:23+00:00,,2020-12-14 17:40:04+00:00,2020-10-26 17:22:51+00:00,2020-09-28 18:51:01+00:00,2020-08-10 19:14:07+00:00,2020-09-28 19:38:28+00:00,2020-10-21 12:37:41+00:00,,2020-11-10 00:24:36+00:00
2020-05-04 19:00:45+00:00,2020-11-10 10:33:46+00:00,2020-11-10 16:56:13+00:00,2020-11-02 12:00:41+00:00,2020-09-15 18:11:23+00:00,2020-12-28 20:50:48+00:00,,2020-12-28 16:09:09+00:00,2020-11-10 04:51:36+00:00,2020-10-26 11:48:19+00:00,2020-08-17 18:43:31+00:00,2020-10-14 06:07:10+00:00,2020-11-22 10:35:03+00:00,,2020-12-19 00:21:43+00:00
2020-05-18 21:59:31+00:00,2020-11-23 10:32:48+00:00,2020-11-29 17:54:35+00:00,2020-11-16 11:29:34+00:00,2020-09-21 14:40:50+00:00,2021-01-11 17:49:52+00:00,,2021-01-25 20:37:30+00:00,2020-11-23 06:20:33+00:00,2020-11-10 09:46:54+00:00,2020-08-24 21:12:54+00:00,2020-10-21 03:06:37+00:00,2020-12-21 22:03:02+00:00,,2020-12-26 18:51:08+00:00
2020-06-02 20:58:09+00:00,2020-12-14 18:01:24+00:00,2020-12-28 21:52:14+00:00,2020-11-30 17:28:34+00:00,2020-10-05 13:39:35+00:00,2021-02-01 21:18:20+00:00,,2021-02-15 19:06:11+00:00,2020-12-14 17:19:03+00:00,2020-11-30 17:15:09+00:00,2020-09-01 15:42:14+00:00,2020-11-10 14:34:56+00:00,2021-01-03 21:32:09+00:00,,2021-01-25 19:19:08+00:00
2020-06-15 17:56:59+00:00,2020-12-28 20:00:25+00:00,2021-01-10 18:21:17+00:00,2020-12-21 21:57:09+00:00,2020-10-21 12:08:14+00:00,2021-02-22 18:16:46+00:00,,2021-03-08 16:04:44+00:00,2020-12-28 22:17:59+00:00,2020-12-21 23:43:26+00:00,2020-09-15 18:41:01+00:00,2020-11-30 21:33:29+00:00,2021-01-24 23:30:48+00:00,,2021-02-08 16:48:04+00:00
2020-07-06 18:25:02+00:00,2021-01-11 19:29:34+00:00,2021-02-02 00:49:32+00:00,2021-01-04 21:56:13+00:00,2020-11-02 12:07:11+00:00,2021-03-16 17:14:57+00:00,,,2021-01-11 18:17:04+00:00,2021-01-11 18:11:48+00:00,2020-09-21 15:40:51+00:00,2020-12-21 22:02:04+00:00,2021-01-27 00:30:40+00:00,,2021-03-01 18:16:17+00:00
2020-07-20 15:23:45+00:00,2021-01-25 17:58:40+00:00,2021-02-15 17:48:28+00:00,2021-01-25 16:54:55+00:00,2020-11-16 12:36:01+00:00,2021-04-06 20:13:10+00:00,,,2021-01-25 17:46:07+00:00,2021-02-01 18:40:07+00:00,2020-09-28 17:09:56+00:00,2021-01-04 21:31:09+00:00,2021-02-15 20:59:17+00:00,,2021-03-16 18:44:56+00:00
2020-08-03 16:52:25+00:00,2021-02-15 20:27:16+00:00,2021-03-01 21:47:14+00:00,2021-02-15 19:23:31+00:00,2020-11-30 19:34:57+00:00,2021-04-26 17:41:25+00:00,,,2021-02-15 21:44:34+00:00,2021-02-15 17:09:01+00:00,2020-10-05 07:09:24+00:00,2021-01-18 22:00:18+00:00,2021-03-07 18:27:43+00:00,,2021-03-28 15:14:00+00:00
2020-08-17 21:21:06+00:00,2021-03-08 17:55:44+00:00,2021-03-23 19:15:23+00:00,2021-03-01 18:22:27+00:00,2020-12-14 20:03:57+00:00,2021-05-17 16:39:29+00:00,,,2021-02-28 17:13:30+00:00,2021-03-01 17:37:46+00:00,2020-10-14 05:38:42+00:00,2021-02-01 22:29:20+00:00,2021-04-05 15:25:26+00:00,,2021-05-10 13:10:12+00:00
2020-09-01 22:19:42+00:00,2021-03-23 14:24:41+00:00,2021-03-29 15:44:52+00:00,2021-03-16 14:21:20+00:00,2020-12-21 18:03:26+00:00,2021-06-08 02:07:27+00:00,,,2021-03-08 12:42:53+00:00,2021-03-16 16:36:26+00:00,2020-10-21 10:38:09+00:00,2021-02-22 18:57:53+00:00,2021-04-18 17:24:24+00:00,,2021-05-31 12:08:15+00:00
2020-09-15 18:18:26+00:00,2021-04-27 03:51:59+00:00,2021-05-09 16:10:54+00:00,2021-04-06 21:19:42+00:00,2021-01-04 20:02:25+00:00,2021-06-28 19:05:27+00:00,,,2021-03-23 16:11:42+00:00,2021-03-29 17:35:18+00:00,2020-10-26 05:37:46+00:00,2021-03-08 20:26:50+00:00,2021-05-02 16:53:12+00:00,,
2020-09-28 22:17:15+00:00,2021-05-17 23:50:12+00:00,2021-05-26 13:09:12+00:00,2021-04-26 18:18:06+00:00,2021-01-18 18:31:30+00:00,2021-07-26 20:02:43+00:00,,,2021-04-12 17:40:00+00:00,2021-04-19 18:03:21+00:00,2020-11-02 05:07:14+00:00,2021-03-23 15:25:44+00:00,2021-05-26 16:21:05+00:00,,
2020-10-14 05:45:57+00:00,2021-06-01 14:48:55+00:00,2021-06-14 20:37:10+00:00,2021-05-10 16:46:56+00:00,2021-02-01 20:00:28+00:00,2021-08-16 16:30:42+00:00,,,2021-04-26 20:38:47+00:00,2021-05-03 18:01:59+00:00,2020-11-10 09:06:37+00:00,2021-04-26 19:52:58+00:00,2021-06-20 19:18:51+00:00,,
2020-11-02 08:44:23+00:00,2021-06-21 21:17:04+00:00,2021-07-05 21:34:55+00:00,2021-05-26 14:15:35+00:00,2021-02-15 18:59:30+00:00,2021-09-13 20:27:58+00:00,,,2021-05-17 17:36:55+00:00,2021-05-17 14:00:37+00:00,2020-11-16 06:36:11+00:00,2021-05-17 18:21:11+00:00,2021-07-04 18:47:34+00:00,,
2020-11-16 09:43:15+00:00,2021-07-12 17:45:09+00:00,2021-07-26 17:32:41+00:00,2021-06-07 18:44:30+00:00,2021-03-01 19:58:22+00:00,2021-10-11 17:25:20+00:00,,,2021-05-31 16:35:40+00:00,2021-05-31 16:29:13+00:00,2020-11-23 09:05:43+00:00,2021-06-14 18:48:44+00:00,2021-08-01 19:44:58+00:00,,
2020-12-07 21:11:47+00:00,2021-08-02 16:13:13+00:00,2021-08-16 16:30:28+00:00,2021-06-21 17:43:13+00:00,2021-03-16 17:57:11+00:00,2021-11-02 16:23:26+00:00,,,2021-06-21 20:33:51+00:00,2021-06-14 18:27:46+00:00,2020-11-30 16:05:16+00:00,2021-07-05 19:16:51+00:00,2021-08-26 17:12:41+00:00,,
2020-12-21 23:10:49+00:00,2021-08-23 17:41:16+00:00,2021-09-14 00:27:29+00:00,2021-07-05 16:41:56+00:00,2021-03-29 19:26:09+00:00,2021-11-30 15:21:16+00:00,,,2021-07-12 19:31:56+00:00,2021-06-28 17:56:20+00:00,2020-12-07 14:04:52+00:00,2021-07-26 17:44:58+00:00,2021-09-19 13:10:30+00:00,,
2021-01-04 21:09:53+00:00,2021-09-13 18:09:21+00:00,2021-10-04 18:25:20+00:00,2021-07-19 18:40:40+00:00,2021-04-12 17:25:00+00:00,2021-12-21 15:19:44+00:00,,,2021-08-02 17:30:01+00:00,2021-07-12 16:24:54+00:00,2020-12-14 17:04:26+00:00,2021-08-09 15:43:42+00:00,2021-10-03 15:09:13+00:00,,
2021-01-18 19:09:01+00:00,2021-10-04 15:07:29+00:00,2021-10-25 17:53:21+00:00,2021-08-09 17:38:46+00:00,2021-04-26 19:23:48+00:00,2022-01-17 21:47:41+00:00,,,2021-08-23 17:28:07+00:00,2021-07-26 16:23:27+00:00,2020-12-21 19:33:59+00:00,2021-08-30 15:41:49+00:00,2021-10-24 16:07:26+00:00,,
2021-02-01 19:08:03+00:00,2021-10-25 15:35:48+00:00,2021-11-16 14:21:23+00:00,2021-08-30 16:06:53+00:00,2021-05-10 17:52:36+00:00,2022-02-14 16:15:37+00:00,,,2021-09-13 17:26:12+00:00,2021-08-16 18:21:16+00:00,2020-12-28 16:33:33+00:00,2021-09-20 16:39:57+00:00,2021-11-09 15:06:10+00:00,,
2021-02-15 17:37:08+00:00,2021-11-16 15:03:45+00:00,2021-11-30 12:20:14+00:00,2021-09-20 21:04:59+00:00,2021-05-26 17:21:10+00:00,2022-03-14 17:13:23+00:00,,,2021-10-04 15:54:15+00:00,2021-08-30 17:19:49+00:00,2021-01-04 21:03:08+00:00,2021-10-11 16:38:08+00:00,2021-11-23 17:35:07+00:00,,
2021-03-01 20:06:03+00:00,2021-12-07 14:02:43+00:00,2021-12-21 13:18:32+00:00,,2021-06-07 19:20:04+00:00,2022-04-04 15:41:34+00:00,,,2021-10-25 15:52:25+00:00,2021-09-13 15:48:24+00:00,2021-01-11 19:32:47+00:00,2021-11-03 13:36:17+00:00,2021-12-14 11:33:41+00:00,,
2021-03-11 17:35:18+00:00,2021-12-27 16:01:22+00:00,2022-01-03 21:17:21+00:00,,2021-06-21 20:18:46+00:00,2022-05-02 15:09:00+00:00,,,2021-11-09 16:51:10+00:00,2021-09-27 17:46:57+00:00,2021-01-18 14:32:24+00:00,2021-11-23 16:04:04+00:00,2022-01-02 20:02:17+00:00,,
2021-04-06 23:03:10+00:00,2022-01-11 16:00:16+00:00,2022-01-24 18:45:44+00:00,,2021-07-05 21:17:27+00:00,2022-05-23 15:36:59+00:00,,,2021-11-23 15:50:04+00:00,2021-10-11 11:45:35+00:00,2021-01-25 15:31:58+00:00,2021-12-14 12:03:25+00:00,2022-01-13 17:01:47+00:00,,
2021-04-26 20:01:32+00:00,2022-01-31 18:59:01+00:00,2022-02-07 15:14:36+00:00,,2021-07-12 18:16:49+00:00,2022-06-20 22:04:16+00:00,,,2021-12-07 14:19:04+00:00,2021-11-03 12:13:26+00:00,2021-02-01 22:01:30+00:00,2022-01-11 14:31:26+00:00,2022-01-30 16:30:26+00:00,,
2021-05-10 17:00:21+00:00,2022-02-21 16:27:34+00:00,2022-02-28 18:42:49+00:00,,2021-07-19 17:46:10+00:00,2022-08-08 16:29:33+00:00,,,2021-12-27 18:47:37+00:00,2021-11-16 14:11:53+00:00,2021-02-08 17:01:01+00:00,2022-01-31 21:00:07+00:00,2022-02-08 02:59:50+00:00,,
2021-05-31 18:28:30+00:00,2022-03-14 21:56:09+00:00,2022-03-21 18:41:02+00:00,,2021-08-02 17:14:53+00:00,2022-09-05 17:26:49+00:00,,,2022-01-11 13:16:28+00:00,2021-12-07 16:10:31+00:00,2021-02-15 17:30:41+00:00,2022-02-21 17:28:36+00:00,2022-03-13 13:57:21+00:00,,
2021-06-21 19:26:32+00:00,2022-04-04 16:24:32+00:00,2022-04-04 10:39:47+00:00,,2021-08-16 17:13:36+00:00,2022-10-03 15:54:10+00:00,,,2022-01-31 19:45:03+00:00,2021-12-27 16:08:53+00:00,2021-02-22 20:00:11+00:00,2022-03-14 20:27:05+00:00,2022-03-27 12:56:12+00:00,,
2021-07-12 18:54:35+00:00,2022-04-25 18:52:48+00:00,2022-04-25 21:07:42+00:00,,2021-08-30 17:12:18+00:00,2022-10-19 11:22:40+00:00,,,2022-02-21 15:43:26+00:00,2022-01-03 17:08:14+00:00,2021-03-01 20:29:41+00:00,2022-04-11 16:24:52+00:00,2022-04-25 19:53:44+00:00,,
2021-08-02 16:22:39+00:00,2022-05-16 18:50:56+00:00,2022-05-17 14:05:27+00:00,,2021-09-13 19:41:00+00:00,2022-11-08 13:50:49+00:00,,,2022-03-14 19:11:45+00:00,2022-01-24 14:06:34+00:00,2021-03-08 15:59:13+00:00,2022-05-10 17:52:21+00:00,2022-05-16 21:51:51+00:00,,
2021-08-23 16:50:42+00:00,2022-05-30 15:19:40+00:00,2022-06-07 20:03:12+00:00,,2021-09-27 21:09:43+00:00,2022-12-05 17:18:35+00:00,,,2022-04-04 17:39:59+00:00,2022-02-14 16:04:48+00:00,2021-03-16 15:58:39+00:00,2022-05-30 18:20:34+00:00,2022-05-29 15:20:42+00:00,,
2021-09-13 20:18:47+00:00,2022-06-20 18:47:46+00:00,2022-06-28 16:30:58+00:00,,2021-10-11 19:08:28+00:00,2022-12-29 12:16:48+00:00,,,2022-04-25 20:08:07+00:00,2022-03-07 15:02:59+00:00,2021-03-23 09:58:14+00:00,2022-06-20 19:48:43+00:00,2022-06-12 14:49:26+00:00,,
2021-10-04 16:46:55+00:00,2022-07-06 21:16:17+00:00,2022-08-28 22:24:22+00:00,,2021-10-25 20:07:16+00:00,2023-01-23 16:14:50+00:00,,,2022-05-10 14:06:46+00:00,2022-03-28 12:31:05+00:00,2021-03-29 19:27:45+00:00,2022-07-12 14:16:47+00:00,2022-06-27 20:48:04+00:00,,
2021-10-25 15:45:12+00:00,2022-08-02 18:43:48+00:00,2022-09-25 17:51:28+00:00,,2021-11-02 23:36:35+00:00,2023-02-13 14:13:21+00:00,,,2022-05-30 18:04:58+00:00,,2021-04-06 17:57:10+00:00,2022-08-02 20:14:55+00:00,2022-07-24 17:45:40+00:00,,
2021-11-09 15:44:03+00:00,2022-08-29 20:41:18+00:00,2022-10-24 01:18:36+00:00,,2021-11-09 17:36:05+00:00,2023-03-13 15:11:04+00:00,,,2022-06-20 18:03:09+00:00,,2021-04-12 14:26:44+00:00,2022-08-29 21:12:31+00:00,2022-08-28 18:42:27+00:00,,
2021-11-30 23:12:32+00:00,2022-09-19 13:39:24+00:00,2022-11-14 05:46:32+00:00,,2021-11-16 18:05:30+00:00,2023-04-11 17:08:30+00:00,,,2022-07-06 22:01:42+00:00,,2021-04-19 16:56:14+00:00,2022-10-03 19:39:25+00:00,2022-09-11 17:41:09+00:00,,
2021-12-14 14:41:37+00:00,2022-10-19 20:06:45+00:00,2022-12-12 19:44:05+00:00,,2021-11-23 17:04:58+00:00,2023-05-08 13:06:01+00:00,,,2022-08-02 18:29:23+00:00,,2021-04-26 15:25:41+00:00,2022-10-24 16:07:35+00:00,2022-09-25 14:39:54+00:00,,
2022-01-03 21:10:11+00:00,2022-11-01 14:05:38+00:00,2022-12-26 13:12:57+00:00,,2021-12-07 14:02:30+00:00,2023-06-05 23:03:19+00:00,,,2022-08-23 21:57:31+00:00,,2021-05-03 19:55:06+00:00,2022-11-15 16:05:46+00:00,2022-10-23 16:07:23+00:00,,
2022-01-24 17:08:51+00:00,2022-11-15 14:34:31+00:00,2023-01-09 11:41:41+00:00,,2021-12-19 22:03:06+00:00,2023-06-27 21:31:12+00:00,,,2022-10-26 07:21:41+00:00,,2021-05-10 18:24:33+00:00,2022-12-05 15:34:17+00:00,2022-11-01 21:36:32+00:00,,
2022-02-14 17:07:25+00:00,2022-11-28 12:33:32+00:00,2023-01-30 11:40:01+00:00,,2021-12-27 16:02:32+00:00,2023-07-17 18:29:17+00:00,,,,,2021-05-17 16:53:59+00:00,2022-12-27 19:02:46+00:00,2022-11-15 14:35:24+00:00,,
2022-03-07 20:05:56+00:00,2022-12-27 20:31:30+00:00,2023-02-19 15:08:23+00:00,,2022-01-11 15:31:22+00:00,2023-08-07 14:57:14+00:00,,,,,2021-05-26 22:53:13+00:00,2023-01-16 19:01:15+00:00,2022-12-01 09:34:11+00:00,,
2022-03-28 20:04:17+00:00,2023-01-09 14:00:31+00:00,2023-03-13 17:36:27+00:00,,2022-01-24 19:00:28+00:00,2023-09-04 17:54:33+00:00,,,,,2021-05-31 15:52:50+00:00,2023-02-05 11:30:01+00:00,2022-12-18 17:03:03+00:00,,
2022-04-19 18:02:29+00:00,2023-01-30 13:59:10+00:00,2023-04-03 13:34:28+00:00,,2022-01-31 18:29:58+00:00,2023-10-02 16:21:50+00:00,,,,,2021-06-07 17:22:14+00:00,2023-02-27 16:58:26+00:00,2023-01-01 14:31:56+00:00,,
2022-05-10 16:00:40+00:00,2023-02-20 14:27:45+00:00,2023-04-24 15:32:28+00:00,,2022-02-07 13:59:27+00:00,2023-10-16 17:20:30+00:00,,,,,2021-06-14 16:51:39+00:00,2023-03-21 12:26:46+00:00,2023-01-15 17:00:50+00:00,,
2022-05-30 18:58:48+00:00,2023-03-21 13:55:36+00:00,2023-05-15 14:30:19+00:00,,2022-02-21 18:58:21+00:00,2023-11-06 17:48:37+00:00,,,,,2021-06-21 18:51:04+00:00,2023-04-11 12:55:03+00:00,2023-01-29 13:59:58+00:00,,
2022-06-20 20:56:50+00:00,2023-04-17 16:53:25+00:00,2023-06-13 16:27:15+00:00,,2022-02-28 16:27:49+00:00,,,,,,2021-06-28 16:50:28+00:00,2023-05-02 17:23:16+00:00,2023-02-12 12:29:02+00:00,,
2022-07-06 20:55:20+00:00,2023-05-02 21:52:06+00:00,2023-07-17 16:23:34+00:00,,2022-03-07 13:57:19+00:00,,,,,,2021-07-05 16:19:52+00:00,2023-05-22 14:21:31+00:00,2023-02-26 16:57:56+00:00,,
2022-07-25 22:53:32+00:00,2023-05-15 10:50:59+00:00,2023-08-07 16:51:18+00:00,,2022-03-14 20:56:44+00:00,,,,,,2021-07-12 13:19:16+00:00,2023-06-13 14:49:36+00:00,2023-03-12 17:26:53+00:00,,
2022-08-16 18:51:29+00:00,,2023-09-04 18:48:18+00:00,,2022-03-20 15:26:15+00:00,,,,,,2021-07-19 17:48:39+00:00,2023-07-03 16:47:49+00:00,2023-03-26 13:55:43+00:00,,
2022-09-12 14:18:59+00:00,,2023-10-01 19:45:26+00:00,,,,,,,,2021-07-26 14:18:04+00:00,2023-08-01 14:15:12+00:00,2023-04-10 12:54:29+00:00,,
2022-10-10 19:16:32+00:00,,2023-10-16 16:13:55+00:00,,,,,,,,2021-08-02 13:17:28+00:00,2023-08-22 11:13:21+00:00,2023-04-23 10:53:23+00:00,,
2022-11-01 22:14:35+00:00,,2023-10-30 13:42:33+00:00,,,,,,,,2021-08-09 16:16:51+00:00,2023-09-11 14:11:35+00:00,2023-05-07 13:52:08+00:00,,
2022-11-15 15:13:29+00:00,,2023-11-13 15:41:14+00:00,,,,,,,,2021-08-16 12:46:16+00:00,2023-10-09 14:09:04+00:00,2023-05-21 12:51:07+00:00,,
2022-12-05 15:42:00+00:00,,,,,,,,,,2021-08-23 16:15:39+00:00,2023-10-30 15:37:15+00:00,2023-06-06 16:49:26+00:00,,
2022-12-19 13:11:08+00:00,,,,,,,,,,2021-08-30 13:45:03+00:00,2023-11-20 15:35:36+00:00,2023-06-20 10:48:12+00:00,,
2023-01-02 19:10:02+00:00,,,,,,,,,,2021-09-06 16:14:28+00:00,,2023-07-02 13:47:05+00:00,,
2023-01-23 15:08:49+00:00,,,,,,,,,,2021-09-13 15:43:52+00:00,,2023-07-16 14:45:49+00:00,,
2023-02-13 14:07:13+00:00,,,,,,,,,,2021-09-20 14:13:16+00:00,,2023-07-30 16:14:30+00:00,,
2023-03-06 21:05:40+00:00,,,,,,,,,,2021-09-27 16:42:40+00:00,,2023-08-13 14:43:13+00:00,,
2023-03-27 14:04:00+00:00,,,,,,,,,,2021-10-04 15:12:05+00:00,,2023-08-27 13:11:57+00:00,,
2023-04-17 19:32:17+00:00,,,,,,,,,,2021-10-11 15:11:32+00:00,,2023-09-24 15:39:21+00:00,,
2023-05-02 18:01:00+00:00,,,,,,,,,,2021-10-19 11:10:57+00:00,,2023-10-08 13:08:05+00:00,,
2023-05-22 17:59:14+00:00,,,,,,,,,,2021-10-25 14:10:29+00:00,,2023-10-22 13:31:11+00:00,,
2023-06-06 06:57:53+00:00,,,,,,,,,,2021-11-03 15:09:48+00:00,,,,
2023-06-28 01:25:50+00:00,,,,,,,,,,2021-11-09 16:39:23+00:00,,,,
2023-07-17 21:23:57+00:00,,,,,,,,,,2021-11-16 14:38:55+00:00,,,,
2023-08-07 16:52:01+00:00,,,,,,,,,,2021-11-23 15:08:27+00:00,,,,
2023-08-28 15:50:03+00:00,,,,,,,,,,2021-11-30 15:38:02+00:00,,,,
2023-09-18 17:48:06+00:00,,,,,,,,,,2021-12-07 13:36:08+00:00,,,,
2023-10-09 21:46:11+00:00,,,,,,,,,,2021-12-14 11:07:11+00:00,,,,
2023-10-26 01:14:46+00:00,,,,,,,,,,2021-12-21 12:36:46+00:00,,,,
2023-11-13 15:13:17+00:00,,,,,,,,,,2021-12-27 20:06:21+00:00,,,,
,,,,,,,,,,2022-01-03 19:05:51+00:00,,,,
,,,,,,,,,,2022-01-11 13:35:22+00:00,,,,
,,,,,,,,,,2022-01-17 17:05:02+00:00,,,,
,,,,,,,,,,2022-01-24 13:04:38+00:00,,,,
,,,,,,,,,,2022-01-31 14:34:12+00:00,,,,
,,,,,,,,,,2022-02-07 14:03:44+00:00,,,,
,,,,,,,,,,2022-02-14 15:03:17+00:00,,,,
,,,,,,,,,,2022-02-21 19:02:46+00:00,,,,
,,,,,,,,,,2022-02-28 17:32:18+00:00,,,,
,,,,,,,,,,2022-03-07 16:01:52+00:00,,,,
,,,,,,,,,,2022-03-14 18:01:23+00:00,,,,
,,,,,,,,,,2022-03-21 13:30:53+00:00,,,,
,,,,,,,,,,2022-03-28 15:00:20+00:00,,,,
,,,,,,,,,,2022-04-04 15:29:51+00:00,,,,
,,,,,,,,,,2022-04-11 15:29:19+00:00,,,,
,,,,,,,,,,2022-04-19 13:28:41+00:00,,,,
,,,,,,,,,,2022-04-25 11:28:12+00:00,,,,
,,,,,,,,,,2022-05-02 15:27:37+00:00,,,,
,,,,,,,,,,2022-05-10 15:26:57+00:00,,,,
,,,,,,,,,,2022-05-16 18:26:26+00:00,,,,
,,,,,,,,,,2022-05-23 14:25:51+00:00,,,,
,,,,,,,,,,2022-05-30 17:25:14+00:00,,,,
,,,,,,,,,,2022-06-07 16:24:33+00:00,,,,
,,,,,,,,,,2022-06-13 12:24:04+00:00,,,,
,,,,,,,,,,2022-06-20 17:23:28+00:00,,,,
,,,,,,,,,,2022-06-28 12:52:48+00:00,,,,
,,,,,,,,,,2022-07-06 21:22:05+00:00,,,,
,,,,,,,,,,2022-07-12 12:21:36+00:00,,,,
,,,,,,,,,,2022-07-26 13:50:25+00:00,,,,
,,,,,,,,,,2022-08-02 16:19:49+00:00,,,,
