e785cb18-96e1-4215-931a-82a731d2ee5a,5fe079a9-6e53-4a9d-b974-eca5d0916632,b4d0f672-6436-483e-a0cd-fab4fe552a8c,7f9cad51-8a0c-4fa9-a6d4-8cf649d819ab,36816c9e-3b69-4b8c-b9f7-150b0edf94db,2e4a8f6d-d398-4749-bc74-a24efa3f5644,1607ca61-c966-483d-bbfb-d97027d507c1,62ec2345-9665-4fd2-9fa7-91ead95dc99b,79d9a5cb-3704-4a21-aedf-5989c70baed0,96e70afa-3ce0-4674-a331-8b85aed97068,496ebab5-e27f-46a4-91bd-28e5086eb594,8a6b6d27-9149-40ea-88b6-0c0d7446a0df,134fc269-ec25-466f-82e7-780beb314108,cfcfb74d-b13e-43fb-bc59-9eee4f6be818,eaea0bcc-2970-41e1-8821-29be122a65b0,0b011106-e5fe-4202-92bd-c89abd042249,11d4bcfe-bde2-42bd-8ebc-43ee77012480,3301af3b-a6fe-429e-8b01-c7b71249abdf,a3e91e80-9b8d-4bd6-bbd7-011319e05a0c,aae16e11-7f7e-4251-9e73-fd836db67b79,b5b36857-0f47-4df9-8c8a-0ff431875b18,e194deb4-afb0-4c83-aab2-71fcd13ca4e8,e3a7cfea-c281-46fe-8758-0bf2388181c0
2020-06-21 19:59:33+00:00,2020-07-05 13:25:41+00:00,2020-06-28 17:22:34+00:00,2020-06-28 16:52:00+00:00,2020-07-26 18:13:48+00:00,2020-06-28 14:46:19+00:00,2020-07-26 17:09:45+00:00,2020-06-28 16:31:40+00:00,2020-06-28 11:27:51+00:00,2020-07-05 15:45:30+00:00,2020-06-29 01:20:59+00:00,2020-07-05 16:35:59+00:00,2020-06-28 23:50:41+00:00,2020-07-05 23:14:03+00:00,2020-07-19 20:33:27+00:00,2020-07-12 10:53:42+00:00,2020-06-28 17:05:33+00:00,2020-07-05 17:18:04+00:00,2020-06-28 12:10:12+00:00,2020-07-05 13:49:53+00:00,2020-06-28 12:51:47+00:00,2020-06-22 01:05:59+00:00,
2020-06-29 10:58:13+00:00,2020-07-12 07:55:06+00:00,2020-07-05 13:52:02+00:00,2020-07-05 08:51:22+00:00,2020-08-09 18:12:40+00:00,2020-07-05 21:45:37+00:00,2020-08-30 15:06:03+00:00,2020-07-05 20:30:58+00:00,2020-07-05 08:27:10+00:00,2020-08-02 19:12:51+00:00,2020-07-05 17:50:25+00:00,2020-07-19 17:04:45+00:00,2020-07-05 21:49:58+00:00,2020-07-19 19:42:44+00:00,2020-08-09 12:01:37+00:00,2020-08-02 11:21:47+00:00,2020-07-12 14:34:19+00:00,2020-07-19 20:46:44+00:00,2020-07-05 10:09:32+00:00,2020-08-02 17:47:16+00:00,2020-07-05 01:21:17+00:00,2020-06-28 16:05:29+00:00,
2020-07-05 16:57:37+00:00,2020-08-02 11:23:17+00:00,2020-07-12 12:51:29+00:00,2020-07-12 15:50:41+00:00,2020-08-30 15:10:55+00:00,2020-07-19 16:44:19+00:00,2020-09-27 13:33:06+00:00,2020-07-12 17:00:18+00:00,2020-07-12 09:56:29+00:00,2020-08-16 17:41:33+00:00,2020-07-12 14:19:50+00:00,2020-08-02 07:03:34+00:00,2020-07-12 21:19:15+00:00,2020-08-23 20:39:23+00:00,2020-08-27 15:29:59+00:00,2020-08-16 11:50:30+00:00,2020-07-19 11:03:42+00:00,2020-07-30 22:45:41+00:00,2020-07-12 12:38:52+00:00,2020-08-16 20:15:57+00:00,2020-08-30 23:16:49+00:00,2020-07-02 14:05:10+00:00,
2020-07-09 16:57:13+00:00,2020-08-06 15:52:55+00:00,2020-07-19 11:50:56+00:00,2020-07-26 18:49:20+00:00,2020-09-20 17:39:25+00:00,2020-07-26 18:43:38+00:00,2020-11-01 07:29:37+00:00,2020-07-19 18:29:36+00:00,2020-07-19 17:25:46+00:00,2020-09-06 16:39:34+00:00,2020-07-19 13:19:14+00:00,2020-08-16 18:02:20+00:00,2020-07-19 20:18:32+00:00,2020-08-30 22:38:42+00:00,2020-09-06 18:29:03+00:00,2020-08-31 11:19:06+00:00,2020-08-02 15:02:27+00:00,2020-08-09 14:14:48+00:00,2020-07-19 12:38:12+00:00,2020-08-30 20:44:37+00:00,2020-09-02 15:46:37+00:00,2020-07-06 03:34:54+00:00,
2020-07-16 18:56:32+00:00,2020-08-13 13:52:20+00:00,2020-07-26 14:50:22+00:00,2020-08-02 11:48:41+00:00,2020-10-11 04:37:31+00:00,2020-08-09 21:42:17+00:00,2020-12-06 14:26:28+00:00,2020-07-26 21:28:54+00:00,2020-07-26 16:25:05+00:00,2020-09-13 11:38:56+00:00,2020-07-26 20:48:36+00:00,2020-08-31 11:01:01+00:00,2020-08-09 16:46:25+00:00,2020-09-06 23:38:02+00:00,2020-09-24 09:57:27+00:00,2020-09-17 12:17:33+00:00,2020-08-09 19:31:49+00:00,2020-08-16 12:14:09+00:00,2020-07-26 12:07:32+00:00,2020-09-13 23:43:17+00:00,2020-09-05 15:46:23+00:00,2020-07-12 13:04:24+00:00,
2020-07-19 14:56:16+00:00,2020-08-31 09:50:45+00:00,2020-08-02 17:49:49+00:00,2020-08-09 17:48:00+00:00,2020-11-08 06:05:21+00:00,2020-08-16 15:41:38+00:00,2020-12-20 12:55:18+00:00,2020-08-02 15:58:15+00:00,2020-08-02 13:24:26+00:00,2020-09-27 11:37:37+00:00,2020-08-02 23:47:59+00:00,2020-09-14 12:29:47+00:00,2020-08-16 19:45:41+00:00,2020-09-14 03:07:21+00:00,2020-10-10 23:56:01+00:00,2020-10-04 06:46:02+00:00,2020-08-16 17:01:12+00:00,2020-08-23 16:13:28+00:00,2020-08-02 16:36:50+00:00,2020-09-27 18:11:59+00:00,,2020-07-19 15:33:51+00:00,
2020-07-26 12:25:35+00:00,2020-09-10 13:49:52+00:00,2020-08-09 19:49:15+00:00,2020-08-23 18:46:39+00:00,2020-12-06 14:03:28+00:00,2020-08-31 15:40:12+00:00,2021-01-03 21:54:06+00:00,2020-08-09 16:27:34+00:00,2020-08-09 13:23:45+00:00,2020-10-04 10:07:00+00:00,2020-08-09 15:17:25+00:00,2020-09-27 14:28:38+00:00,2020-08-23 17:14:57+00:00,2020-09-27 23:36:02+00:00,2020-10-22 02:55:07+00:00,2020-10-18 01:44:51+00:00,2020-08-23 18:30:33+00:00,2020-09-03 21:42:23+00:00,2020-08-09 13:36:12+00:00,2020-10-04 08:11:23+00:00,,2020-08-02 11:02:47+00:00,
2020-07-30 18:25:11+00:00,2020-09-24 11:48:38+00:00,2020-08-16 16:18:42+00:00,2020-08-30 17:45:59+00:00,2020-12-27 14:02:08+00:00,2020-09-06 17:39:38+00:00,2021-01-31 21:21:51+00:00,2020-08-16 12:26:53+00:00,2020-08-16 15:53:04+00:00,2020-10-18 12:35:47+00:00,2020-08-16 20:16:48+00:00,2020-10-29 10:55:57+00:00,2020-08-30 17:14:13+00:00,2020-10-11 23:04:47+00:00,2020-11-05 10:53:54+00:00,2020-11-05 09:13:17+00:00,2020-09-06 14:59:19+00:00,2020-09-14 00:11:26+00:00,2020-08-16 13:05:31+00:00,2020-10-25 12:09:31+00:00,,,
2020-08-06 17:54:31+00:00,2020-10-18 09:16:38+00:00,2020-08-23 13:18:09+00:00,2020-09-06 16:45:19+00:00,2021-01-10 12:31:19+00:00,2020-09-20 18:38:19+00:00,2021-02-28 13:49:27+00:00,2020-08-30 14:25:28+00:00,2020-08-23 13:52:24+00:00,2020-11-01 13:34:34+00:00,2020-08-23 18:46:12+00:00,2020-11-08 13:55:07+00:00,2020-09-06 18:13:29+00:00,2020-10-25 13:03:37+00:00,2020-11-19 07:22:48+00:00,2020-11-22 06:11:57+00:00,2020-09-13 15:58:42+00:00,2020-09-24 13:10:25+00:00,2020-08-23 14:34:51+00:00,2020-11-08 16:38:17+00:00,,,
2020-08-20 16:23:10+00:00,2020-11-01 07:45:28+00:00,2020-08-30 17:17:34+00:00,2020-09-13 16:44:40+00:00,2021-01-31 13:00:03+00:00,2020-10-04 17:37:05+00:00,,2020-09-06 10:54:47+00:00,2020-08-30 05:21:44+00:00,2020-11-15 14:33:24+00:00,2020-08-30 23:15:34+00:00,2020-11-22 13:24:02+00:00,2020-09-13 20:42:45+00:00,2020-11-09 01:32:23+00:00,2020-12-13 16:51:11+00:00,2020-12-03 12:11:10+00:00,2020-09-27 15:57:27+00:00,2020-10-04 03:39:33+00:00,2020-08-30 17:34:10+00:00,2020-11-22 15:07:09+00:00,,,
2020-08-27 18:22:28+00:00,2020-11-05 17:45:06+00:00,2020-09-06 18:47:00+00:00,2020-09-20 18:13:59+00:00,2021-02-21 18:28:40+00:00,2020-10-18 16:35:55+00:00,,2020-09-20 21:23:19+00:00,2020-09-06 11:51:02+00:00,2020-11-29 15:32:22+00:00,2020-09-06 19:15:00+00:00,2020-12-06 15:53:07+00:00,2020-09-27 19:11:18+00:00,2020-11-22 15:31:18+00:00,2020-12-29 18:20:05+00:00,2020-12-17 05:10:14+00:00,2020-10-04 08:56:53+00:00,2020-10-15 09:08:32+00:00,2020-09-06 13:33:32+00:00,2020-12-06 20:06:09+00:00,,,
2020-08-31 14:22:06+00:00,2020-11-15 10:44:20+00:00,2020-09-13 18:16:26+00:00,2020-09-27 15:13:22+00:00,2021-03-14 15:57:11+00:00,2020-11-01 15:34:44+00:00,,2020-10-04 17:22:00+00:00,2020-09-13 11:20:21+00:00,2020-12-13 16:01:24+00:00,2020-09-13 23:44:23+00:00,2020-12-20 18:52:11+00:00,2020-10-04 08:10:38+00:00,2020-12-06 20:30:20+00:00,2021-01-17 15:18:56+00:00,2020-12-29 16:09:22+00:00,2020-10-11 13:26:17+00:00,2020-10-22 09:07:55+00:00,2020-09-13 14:02:52+00:00,2020-12-20 19:35:09+00:00,,,
2020-09-03 14:21:48+00:00,2020-11-22 03:13:50+00:00,2020-09-20 15:45:52+00:00,2020-10-04 03:42:47+00:00,2021-04-11 13:25:12+00:00,2020-11-10 11:04:00+00:00,,2020-10-18 14:20:45+00:00,2020-09-20 10:19:40+00:00,2020-12-20 15:00:54+00:00,2020-09-20 19:13:48+00:00,2021-01-03 15:21:15+00:00,2020-10-11 12:39:55+00:00,2020-12-21 00:29:20+00:00,2021-01-28 16:48:12+00:00,2021-01-07 07:08:48+00:00,2020-10-18 10:25:45+00:00,2020-10-29 14:37:17+00:00,2020-09-20 14:02:13+00:00,2020-12-27 16:04:38+00:00,,,
2020-09-06 14:21:30+00:00,2020-12-17 08:42:08+00:00,2020-09-27 22:15:19+00:00,2020-10-11 08:12:10+00:00,2021-05-02 15:23:35+00:00,2020-11-29 17:32:34+00:00,,2020-10-25 04:50:09+00:00,2020-09-27 12:18:59+00:00,2020-12-27 12:30:23+00:00,2020-09-27 13:43:15+00:00,2021-01-10 14:50:51+00:00,2020-10-25 15:38:32+00:00,2021-01-03 23:28:22+00:00,2021-02-14 16:47:02+00:00,2021-02-18 12:05:58+00:00,2020-10-25 08:25:11+00:00,2020-11-05 10:36:40+00:00,2020-09-27 13:31:35+00:00,2021-01-03 20:34:08+00:00,,,
2020-09-10 13:51:07+00:00,2020-12-23 09:41:42+00:00,2020-10-04 07:44:49+00:00,2020-10-25 10:11:00+00:00,2021-05-16 14:52:28+00:00,2020-12-13 17:01:39+00:00,,2020-11-01 09:49:31+00:00,2020-10-03 22:48:22+00:00,2021-01-03 16:29:54+00:00,2020-10-04 10:42:41+00:00,2021-01-24 20:19:57+00:00,2020-11-08 14:07:12+00:00,2021-01-10 21:27:56+00:00,2021-03-04 14:15:41+00:00,2021-02-28 15:35:10+00:00,2020-11-15 12:23:31+00:00,2020-11-15 17:35:47+00:00,2020-10-04 11:30:58+00:00,2021-01-11 04:33:40+00:00,,,
2020-09-13 19:20:48+00:00,2020-12-29 17:11:16+00:00,2020-10-11 10:44:17+00:00,2020-11-01 12:10:24+00:00,2021-06-06 17:21:00+00:00,2020-12-20 19:31:10+00:00,,2020-11-09 07:48:49+00:00,2020-10-10 22:17:42+00:00,2021-01-10 13:29:28+00:00,2020-10-11 14:42:07+00:00,2021-02-08 00:18:56+00:00,2020-11-15 15:36:32+00:00,2021-01-24 20:27:01+00:00,2021-03-23 21:44:16+00:00,2021-03-02 20:35:00+00:00,2020-11-22 09:23:01+00:00,2020-11-22 08:35:15+00:00,2020-10-11 09:30:22+00:00,2021-01-16 15:03:19+00:00,,,
2020-09-17 15:20:26+00:00,2021-01-03 22:10:56+00:00,2020-10-18 11:13:47+00:00,2020-11-08 06:09:50+00:00,2021-06-27 15:49:01+00:00,2021-01-03 23:30:12+00:00,,2020-11-15 07:18:19+00:00,2020-10-17 20:17:05+00:00,2021-01-24 15:28:32+00:00,2020-10-18 01:11:39+00:00,2021-02-21 22:48:01+00:00,2020-11-22 10:35:56+00:00,2021-02-07 22:55:59+00:00,2021-04-08 13:13:01+00:00,2021-03-18 18:03:46+00:00,2020-11-29 08:52:34+00:00,2020-11-29 16:04:42+00:00,2020-10-18 11:59:47+00:00,2021-01-24 17:02:45+00:00,,,
2020-09-24 13:19:44+00:00,2021-01-17 12:40:06+00:00,2020-10-25 09:13:16+00:00,2020-11-15 09:39:16+00:00,2021-07-25 15:46:39+00:00,2021-01-10 16:29:48+00:00,,2020-11-29 17:17:13+00:00,2020-10-24 21:16:26+00:00,2021-02-07 16:57:28+00:00,2020-10-25 06:41:06+00:00,2021-03-07 21:16:57+00:00,2020-11-29 21:05:19+00:00,2021-02-21 23:55:04+00:00,2021-04-22 15:41:53+00:00,2021-04-08 17:32:07+00:00,2020-12-06 08:22:08+00:00,2020-12-13 20:33:41+00:00,2020-10-25 03:29:13+00:00,2021-02-07 19:31:39+00:00,,,
2020-10-18 03:17:34+00:00,2021-01-24 18:09:36+00:00,2020-11-01 03:12:47+00:00,2020-11-22 06:38:45+00:00,2021-08-22 16:14:17+00:00,2021-01-24 20:58:53+00:00,,2020-12-06 15:46:43+00:00,2020-11-01 07:15:45+00:00,2021-02-21 15:56:30+00:00,2020-11-01 10:10:33+00:00,2021-03-21 14:45:56+00:00,2020-12-06 13:04:47+00:00,2021-02-28 23:24:31+00:00,2021-05-13 17:40:04+00:00,2021-04-18 11:01:20+00:00,2020-12-13 11:21:42+00:00,2020-12-23 14:32:55+00:00,2020-11-01 07:58:37+00:00,2021-02-21 22:30:40+00:00,,,
2020-11-05 22:45:50+00:00,2021-02-04 13:38:49+00:00,2020-11-08 09:42:16+00:00,2020-12-06 19:07:48+00:00,2021-09-12 14:42:31+00:00,2021-02-07 19:27:52+00:00,,2020-12-13 14:16:13+00:00,2020-11-07 22:45:08+00:00,2021-03-07 16:25:23+00:00,2020-11-08 05:40:02+00:00,2021-04-05 17:44:44+00:00,2020-12-13 19:34:11+00:00,2021-03-07 17:54:00+00:00,2021-05-30 17:38:35+00:00,2021-04-29 11:30:22+00:00,2020-12-20 12:21:14+00:00,2020-12-29 13:02:29+00:00,2020-11-08 09:28:01+00:00,2021-03-07 19:29:31+00:00,,,
2020-11-08 08:15:37+00:00,2021-02-16 17:38:02+00:00,2020-11-15 09:11:47+00:00,2020-12-13 15:07:20+00:00,2021-10-03 15:40:46+00:00,2021-02-21 20:26:57+00:00,,2021-01-03 20:14:40+00:00,2020-11-15 01:14:31+00:00,2021-03-14 13:24:49+00:00,2020-11-15 15:39:30+00:00,2021-04-18 17:43:59+00:00,2020-12-20 20:03:36+00:00,2021-03-15 00:23:26+00:00,2021-06-17 18:36:59+00:00,2021-05-20 13:58:31+00:00,2021-01-10 13:49:55+00:00,2021-01-05 15:31:59+00:00,2020-11-15 04:27:29+00:00,2021-03-21 21:58:26+00:00,,,
2020-11-26 17:44:05+00:00,2021-03-04 09:36:51+00:00,2020-11-22 10:11:19+00:00,2020-12-20 15:36:51+00:00,2021-10-24 13:09:08+00:00,2021-03-07 19:55:53+00:00,,2021-01-10 16:14:13+00:00,2020-11-21 23:43:55+00:00,2021-03-21 12:24:19+00:00,2020-11-22 05:39:03+00:00,2021-05-02 12:12:36+00:00,2021-01-04 01:02:25+00:00,2021-03-29 01:22:23+00:00,2021-07-01 18:35:43+00:00,2021-06-01 09:27:27+00:00,2021-01-20 21:19:19+00:00,2021-01-17 20:01:11+00:00,2020-11-22 04:26:56+00:00,2021-04-05 18:27:09+00:00,,,
2020-11-29 19:43:51+00:00,2021-03-14 12:06:05+00:00,2020-11-29 17:10:53+00:00,2020-12-27 19:06:19+00:00,2021-11-14 13:37:21+00:00,2021-03-14 15:25:21+00:00,,2021-01-17 15:43:44+00:00,2020-11-29 06:43:21+00:00,2021-04-05 17:53:01+00:00,2020-11-29 14:08:36+00:00,2021-05-16 17:41:24+00:00,2021-01-10 23:01:54+00:00,2021-04-26 12:19:55+00:00,2021-07-15 14:34:27+00:00,2021-06-10 15:56:36+00:00,2021-01-31 16:48:36+00:00,2021-01-28 18:30:23+00:00,2020-11-29 16:26:25+00:00,2021-04-18 18:56:05+00:00,,,
2020-12-06 12:13:21+00:00,2021-03-18 19:05:46+00:00,2020-12-06 17:10:30+00:00,2021-01-03 19:35:52+00:00,2021-11-28 15:05:41+00:00,2021-03-21 17:24:52+00:00,,2021-01-24 15:13:15+00:00,2020-12-06 12:42:49+00:00,2021-12-07 15:31:08+00:00,2020-12-06 17:38:10+00:00,2021-05-30 16:10:13+00:00,2021-01-17 19:01:23+00:00,2021-05-03 12:19:17+00:00,2021-07-29 12:33:11+00:00,2021-06-20 13:55:43+00:00,2021-02-07 15:18:06+00:00,2021-02-04 15:29:49+00:00,2020-12-06 15:25:57+00:00,2021-05-02 18:54:50+00:00,,,
2020-12-10 14:43:03+00:00,2021-03-28 13:35:03+00:00,2020-12-13 15:40:07+00:00,2021-01-10 16:35:26+00:00,2021-12-19 11:05:21+00:00,2021-03-29 16:24:16+00:00,,2021-01-31 14:42:43+00:00,2020-12-13 13:12:17+00:00,2022-12-18 12:29:03+00:00,2020-12-13 15:37:46+00:00,2021-06-13 18:08:59+00:00,2021-01-24 23:30:47+00:00,2021-05-10 09:48:40+00:00,2021-08-19 16:31:16+00:00,2021-07-01 17:54:41+00:00,2021-02-21 16:47:13+00:00,2021-02-16 16:58:58+00:00,2020-12-13 14:25:43+00:00,2021-05-16 18:23:33+00:00,,,
2020-12-13 21:12:48+00:00,2021-04-08 14:34:11+00:00,2020-12-27 17:39:15+00:00,2021-01-24 18:34:32+00:00,2022-01-09 21:03:54+00:00,2021-04-16 12:23:02+00:00,,2021-02-07 16:42:09+00:00,2020-12-20 18:11:42+00:00,,2020-12-20 18:07:19+00:00,2021-06-27 19:07:43+00:00,2021-01-31 20:30:12+00:00,2021-05-17 14:18:01+00:00,2021-09-02 11:00:01+00:00,2021-07-08 13:24:02+00:00,2021-02-28 15:46:42+00:00,2021-02-25 14:28:13+00:00,2020-12-20 15:54:58+00:00,2021-05-24 18:52:49+00:00,,,
2020-12-20 13:42:16+00:00,2021-04-15 15:33:37+00:00,2021-01-03 20:08:52+00:00,2021-02-07 18:03:30+00:00,2022-01-30 14:32:38+00:00,2021-05-02 18:51:23+00:00,,2021-02-14 14:41:43+00:00,2021-01-03 20:10:36+00:00,,2020-12-27 16:36:52+00:00,2021-07-11 15:36:28+00:00,2021-02-08 02:29:32+00:00,2021-05-25 18:17:16+00:00,2021-09-16 15:28:43+00:00,2021-07-18 12:23:07+00:00,2021-03-07 17:46:12+00:00,2021-03-09 16:27:15+00:00,2020-12-29 11:24:20+00:00,2021-06-06 19:21:37+00:00,,,
2020-12-23 14:42:00+00:00,2021-04-22 11:03:05+00:00,2021-01-10 11:08:32+00:00,2021-02-21 20:32:35+00:00,2022-02-20 12:31:13+00:00,2021-05-24 23:19:26+00:00,,2021-02-21 17:41:10+00:00,2021-01-10 14:10:07+00:00,,2021-01-03 21:06:27+00:00,2021-07-25 09:05:14+00:00,2021-02-14 21:29:03+00:00,2021-06-07 12:46:03+00:00,2021-09-30 08:57:29+00:00,2021-07-29 14:52:06+00:00,2021-03-21 15:45:12+00:00,2021-03-18 15:26:31+00:00,2021-01-03 12:24:00+00:00,2021-06-20 20:20:20+00:00,,,
2021-01-17 12:40:29+00:00,2021-04-29 12:02:29+00:00,2021-01-24 17:07:46+00:00,2021-02-28 16:02:03+00:00,2022-03-13 13:59:50+00:00,2021-06-06 14:48:15+00:00,,2021-02-28 15:40:36+00:00,2021-01-17 03:09:40+00:00,,2021-01-10 18:36:04+00:00,2021-08-08 16:03:56+00:00,2021-02-22 00:28:25+00:00,2021-06-21 13:44:44+00:00,2021-10-24 18:25:26+00:00,2021-08-15 14:50:31+00:00,2021-03-28 12:14:42+00:00,2021-03-28 14:55:43+00:00,2021-01-17 13:53:06+00:00,2021-07-04 21:19:00+00:00,,,
2021-01-24 21:09:39+00:00,2021-05-06 14:31:54+00:00,2021-01-31 15:37:21+00:00,2021-03-14 20:30:59+00:00,2022-03-30 14:58:32+00:00,2021-06-20 19:46:54+00:00,,2021-03-07 15:40:03+00:00,,,2021-01-17 16:05:42+00:00,2021-08-22 16:32:42+00:00,2021-02-28 16:27:48+00:00,2021-07-05 09:43:24+00:00,2021-11-04 08:54:35+00:00,2021-08-22 09:19:53+00:00,2021-04-05 10:14:04+00:00,2021-04-05 15:25:00+00:00,2021-01-24 13:52:37+00:00,2021-07-18 18:47:40+00:00,,,
2021-02-07 19:38:30+00:00,2021-05-20 10:30:43+00:00,2021-02-07 17:06:53+00:00,2021-03-21 19:00:31+00:00,,2021-07-04 15:45:34+00:00,,2021-03-15 12:39:23+00:00,,,2021-01-24 19:35:16+00:00,2021-09-05 12:01:29+00:00,2021-03-07 15:57:11+00:00,2021-07-19 11:42:02+00:00,2021-11-11 14:24:03+00:00,2021-09-02 14:48:51+00:00,2021-04-11 12:43:36+00:00,2021-04-15 14:54:11+00:00,2021-01-31 13:52:08+00:00,2021-08-01 17:46:21+00:00,,,
2021-02-11 15:08:13+00:00,2021-05-30 11:59:51+00:00,2021-02-14 12:36:33+00:00,2021-03-28 14:30:00+00:00,,2021-07-18 16:14:15+00:00,,2021-03-21 17:38:55+00:00,,,2021-01-31 15:34:51+00:00,2021-09-19 17:30:13+00:00,2021-03-14 16:56:31+00:00,2021-08-02 09:40:41+00:00,2021-11-25 16:53:01+00:00,2021-09-09 12:48:13+00:00,2021-04-18 15:13:04+00:00,2021-04-22 17:53:34+00:00,2021-02-07 15:21:34+00:00,2021-08-15 17:45:02+00:00,,,
2021-02-16 13:07:54+00:00,2021-06-24 10:57:42+00:00,2021-02-21 15:36:06+00:00,2021-04-05 15:59:20+00:00,,2021-08-01 16:42:54+00:00,,2021-03-28 14:08:20+00:00,,,2021-02-07 18:34:20+00:00,2021-10-03 17:28:58+00:00,2021-03-21 22:25:54+00:00,2021-08-16 05:39:21+00:00,2021-12-16 12:51:38+00:00,2021-09-23 14:46:55+00:00,2021-04-25 12:42:31+00:00,2021-04-29 10:52:57+00:00,2021-02-14 13:51:09+00:00,2021-08-26 15:43:59+00:00,,,
2021-02-21 20:37:27+00:00,2021-07-01 10:57:05+00:00,2021-02-28 13:05:38+00:00,2021-04-11 14:28:53+00:00,,2021-08-15 14:41:35+00:00,,2021-04-25 11:35:48+00:00,,,2021-02-14 16:33:59+00:00,2021-10-17 11:27:49+00:00,2021-04-11 12:23:55+00:00,2021-08-29 17:08:03+00:00,2021-12-26 10:20:59+00:00,2021-10-17 09:44:49+00:00,2021-05-02 14:41:55+00:00,2021-05-06 14:22:18+00:00,2021-02-21 15:20:37+00:00,2021-09-05 15:13:03+00:00,,,
2021-02-28 18:36:51+00:00,2021-08-15 11:53:07+00:00,2021-03-07 16:05:10+00:00,2021-04-18 15:58:20+00:00,,2021-08-29 13:40:17+00:00,,2021-05-02 09:35:09+00:00,,,2021-02-21 20:03:30+00:00,2021-11-07 17:56:07+00:00,2021-04-18 14:53:15+00:00,2021-09-13 15:06:37+00:00,2022-01-06 10:50:08+00:00,,2021-05-16 15:10:45+00:00,2021-05-13 19:21:38+00:00,2021-02-28 14:50:04+00:00,2021-09-19 17:41:43+00:00,,,
2021-03-04 15:36:32+00:00,2021-09-30 09:49:03+00:00,2021-03-14 20:04:41+00:00,2021-04-25 15:27:45+00:00,,2021-09-12 15:38:58+00:00,,2021-05-09 06:34:31+00:00,,,2021-02-28 17:03:00+00:00,2021-11-22 00:25:03+00:00,2021-04-25 14:22:34+00:00,2021-09-20 13:05:57+00:00,2022-01-20 09:49:15+00:00,,2021-05-30 14:39:34+00:00,2021-05-20 14:21:01+00:00,2021-03-07 12:49:32+00:00,2021-10-03 16:40:24+00:00,,,
2021-03-09 15:06:07+00:00,2021-10-21 10:17:18+00:00,2021-03-21 15:04:18+00:00,2021-05-09 20:26:30+00:00,,2021-09-26 12:37:42+00:00,,2021-05-25 14:02:56+00:00,,,2021-03-07 18:32:31+00:00,2021-12-06 14:54:04+00:00,2021-05-02 13:21:52+00:00,2021-10-03 20:04:43+00:00,2022-02-03 11:48:19+00:00,,2021-06-06 12:38:57+00:00,2021-05-30 19:20:04+00:00,2021-03-28 12:17:49+00:00,2021-10-17 17:39:10+00:00,,,
2021-03-14 14:35:41+00:00,2021-10-28 08:46:45+00:00,2021-03-28 13:03:50+00:00,2021-05-16 14:55:54+00:00,,2021-10-10 15:36:27+00:00,,2021-06-06 13:01:45+00:00,,,2021-03-14 19:02:01+00:00,2021-12-19 21:53:12+00:00,2021-05-07 08:51:23+00:00,2021-10-19 19:03:22+00:00,2022-02-13 07:17:37+00:00,,2021-06-13 14:38:19+00:00,2021-06-10 14:49:03+00:00,2021-04-05 12:17:07+00:00,2021-10-24 14:38:34+00:00,,,
2021-03-18 17:35:21+00:00,2021-11-11 14:15:39+00:00,2021-04-05 15:03:14+00:00,2021-05-24 17:55:10+00:00,,2021-10-24 14:35:18+00:00,,2021-06-20 07:30:24+00:00,,,2021-03-21 22:01:35+00:00,2022-01-02 18:52:12+00:00,2021-05-16 15:50:26+00:00,2021-11-02 10:02:16+00:00,2022-03-03 10:16:16+00:00,,2021-06-20 17:07:41+00:00,2021-06-20 09:18:09+00:00,2021-04-11 12:16:37+00:00,2021-11-07 23:37:23+00:00,,,
2021-03-23 18:04:57+00:00,2021-11-25 21:44:36+00:00,2021-04-11 12:02:51+00:00,2021-05-30 14:54:38+00:00,,2021-11-14 22:33:38+00:00,,2021-07-04 03:59:00+00:00,,,2021-03-28 19:31:05+00:00,2022-01-16 22:21:17+00:00,2021-05-24 18:19:37+00:00,2021-11-15 12:31:16+00:00,2022-03-20 10:45:00+00:00,,2021-06-27 18:07:02+00:00,2021-07-25 10:14:48+00:00,2021-04-18 12:46:03+00:00,2021-11-22 01:35:37+00:00,,,
2021-03-31 19:04:14+00:00,2021-12-16 12:43:12+00:00,2021-04-18 14:32:22+00:00,2021-06-06 19:53:58+00:00,,2021-11-21 19:33:07+00:00,,2021-07-18 09:27:33+00:00,,,2021-04-05 16:00:28+00:00,2022-01-30 20:20:22+00:00,2021-05-30 10:49:01+00:00,2021-11-29 21:30:12+00:00,2022-03-31 07:14:06+00:00,,2021-07-04 15:06:25+00:00,2021-08-15 14:42:47+00:00,2021-04-25 13:45:26+00:00,2021-12-05 23:03:53+00:00,,,
2021-04-08 20:03:32+00:00,2021-12-23 14:42:45+00:00,2021-04-25 16:01:51+00:00,2021-06-13 16:23:19+00:00,,2021-12-05 22:02:09+00:00,,2021-07-31 16:26:13+00:00,,,2021-04-11 15:30:02+00:00,,2021-06-06 14:48:16+00:00,2021-12-13 06:29:16+00:00,2022-04-13 13:43:03+00:00,,2021-07-11 21:05:45+00:00,2021-09-02 14:41:03+00:00,2021-05-02 11:44:49+00:00,2021-12-19 16:34:18+00:00,,,
2021-04-11 17:03:16+00:00,2022-01-06 13:11:41+00:00,2021-05-02 16:31:19+00:00,2021-06-27 19:51:58+00:00,,2022-01-02 13:00:12+00:00,,2021-08-13 03:54:58+00:00,,,2021-04-18 21:29:46+00:00,,2021-06-13 14:17:31+00:00,2021-12-20 12:28:46+00:00,2022-04-28 12:11:47+00:00,,2021-07-18 14:35:09+00:00,2021-09-16 14:09:43+00:00,2021-05-09 14:44:12+00:00,2022-01-02 21:33:12+00:00,,,
2021-04-15 18:32:55+00:00,2022-01-20 05:40:48+00:00,2021-05-09 16:30:49+00:00,2021-07-11 19:50:38+00:00,,2022-01-16 15:59:15+00:00,,2021-08-15 14:24:43+00:00,,,2021-04-25 18:58:58+00:00,,2021-06-20 12:46:47+00:00,2021-12-29 04:28:09+00:00,2022-05-12 16:10:31+00:00,,2021-08-01 16:03:52+00:00,2021-09-30 09:38:24+00:00,2021-05-16 13:13:34+00:00,2022-01-13 16:32:41+00:00,,,
2021-04-18 20:02:39+00:00,2022-01-27 12:10:20+00:00,2021-05-16 14:30:17+00:00,2021-07-18 16:49:58+00:00,,2022-01-30 15:58:20+00:00,,2021-08-21 22:54:04+00:00,,,2021-05-02 18:28:25+00:00,,2021-06-27 15:46:01+00:00,2022-01-10 18:57:12+00:00,2022-06-02 14:38:38+00:00,,2021-08-08 12:03:15+00:00,2021-10-24 18:06:14+00:00,2021-05-24 12:12:51+00:00,2022-01-30 18:31:17+00:00,,,
2021-04-22 16:32:17+00:00,2022-02-10 16:39:19+00:00,2021-05-24 15:59:40+00:00,2021-08-01 17:48:37+00:00,,2022-02-13 14:57:23+00:00,,2021-09-12 05:21:57+00:00,,,2021-05-09 16:27:53+00:00,,2021-07-04 11:45:17+00:00,2022-01-23 17:56:22+00:00,2022-06-23 19:06:45+00:00,,2021-08-15 12:02:37+00:00,2021-11-25 20:02:45+00:00,2021-05-30 10:42:19+00:00,2022-02-13 17:30:14+00:00,,,
2021-04-29 17:31:37+00:00,2022-03-24 08:36:13+00:00,2021-05-30 12:59:13+00:00,2021-08-15 17:17:17+00:00,,2022-02-27 16:56:20+00:00,,2021-09-26 00:50:35+00:00,,,2021-05-16 13:57:20+00:00,,2021-07-11 12:44:32+00:00,2022-02-06 15:25:24+00:00,2022-07-13 19:04:57+00:00,,2021-08-29 16:31:21+00:00,2021-12-12 10:02:24+00:00,2021-06-06 08:11:39+00:00,2022-02-27 19:29:07+00:00,,,
2021-05-06 17:00:59+00:00,2022-04-28 11:03:21+00:00,2021-06-06 13:58:39+00:00,2021-08-29 17:45:57+00:00,,2022-03-13 18:55:23+00:00,,2021-10-03 02:19:53+00:00,,,2021-05-24 20:26:40+00:00,,2021-07-18 14:13:47+00:00,2022-02-20 11:24:23+00:00,,,2021-09-05 17:00:44+00:00,2021-12-23 12:01:37+00:00,2021-06-13 11:10:59+00:00,2022-03-13 16:58:04+00:00,,,
2021-05-16 18:00:02+00:00,2022-06-23 11:58:29+00:00,2021-06-13 15:58:06+00:00,2021-09-12 17:14:38+00:00,,2022-03-27 13:24:16+00:00,,2021-10-17 16:48:35+00:00,,,2021-05-30 22:56:10+00:00,,2021-07-25 10:13:04+00:00,2022-03-06 16:53:22+00:00,,,2021-09-12 09:30:08+00:00,2022-01-06 09:30:28+00:00,2021-06-20 11:40:18+00:00,2022-03-27 16:26:52+00:00,,,
2021-05-20 18:59:38+00:00,2022-06-30 19:27:51+00:00,2021-11-29 00:15:17+00:00,2021-09-26 13:13:21+00:00,,2022-04-10 11:23:09+00:00,,2021-11-01 14:17:18+00:00,,,2021-06-06 19:25:35+00:00,,2021-08-01 11:42:18+00:00,2022-03-20 12:52:17+00:00,,,2021-09-19 12:59:29+00:00,2022-01-20 07:29:30+00:00,2021-06-27 14:39:37+00:00,2022-04-07 13:55:57+00:00,,,
2021-05-24 21:59:15+00:00,2022-07-21 13:56:04+00:00,2021-12-05 20:14:53+00:00,2021-10-10 16:12:05+00:00,,2022-04-24 14:08:54+00:00,,2021-11-15 05:16:12+00:00,,,2021-06-13 17:55:00+00:00,,2021-08-08 12:11:33+00:00,2022-04-03 20:51:06+00:00,,,2021-09-26 09:58:53+00:00,2022-02-24 08:56:48+00:00,2021-07-04 11:38:58+00:00,2022-04-18 15:24:59+00:00,,,
2021-05-27 17:28:58+00:00,2022-08-07 07:54:37+00:00,2021-12-19 21:44:06+00:00,2021-10-24 17:10:57+00:00,,2022-05-08 21:37:37+00:00,,2021-11-28 16:15:09+00:00,,,2021-06-20 21:54:23+00:00,,2021-08-15 11:10:49+00:00,2022-04-18 13:49:49+00:00,,,2021-10-03 12:28:16+00:00,2022-03-17 11:25:09+00:00,2021-07-11 14:08:18+00:00,2022-05-01 17:53:48+00:00,,,
2021-06-03 19:28:18+00:00,2022-08-18 12:53:39+00:00,2022-01-15 15:42:29+00:00,2021-11-07 21:09:51+00:00,,2022-06-06 16:58:05+00:00,,2021-12-01 01:45:13+00:00,,,2021-06-27 17:53:48+00:00,,2021-08-22 11:40:04+00:00,2022-05-01 14:18:38+00:00,,,2021-10-10 09:27:41+00:00,2022-04-03 09:23:42+00:00,2021-07-18 10:37:39+00:00,2022-05-15 21:22:29+00:00,,,
2021-06-06 14:58:01+00:00,2022-08-25 18:23:01+00:00,2022-02-06 15:41:12+00:00,2021-11-21 21:38:23+00:00,,2022-06-19 16:56:50+00:00,,2021-12-06 02:14:35+00:00,,,2021-07-04 20:53:11+00:00,,2021-08-29 07:09:21+00:00,2022-05-16 17:47:13+00:00,,,2021-10-24 11:56:34+00:00,2022-04-28 11:21:28+00:00,2021-07-25 09:36:59+00:00,2022-05-29 18:21:10+00:00,,,
2021-06-10 19:27:37+00:00,2022-09-04 11:52:09+00:00,2022-12-11 18:18:17+00:00,2021-12-05 21:36:27+00:00,,2022-06-26 12:26:11+00:00,,2022-01-01 15:12:35+00:00,,,2021-07-11 22:22:35+00:00,,2021-09-05 09:38:37+00:00,2022-05-23 05:46:35+00:00,,,2021-11-01 15:55:56+00:00,2022-05-15 11:19:52+00:00,2021-08-01 09:06:19+00:00,2022-06-12 18:19:52+00:00,,,
2021-06-17 16:56:58+00:00,2022-09-11 07:51:32+00:00,2022-12-19 00:48:55+00:00,2021-12-19 18:36:53+00:00,,2022-07-17 17:24:08+00:00,,2022-01-09 00:12:00+00:00,,,2021-07-18 19:22:00+00:00,,2021-09-12 10:37:52+00:00,2022-06-07 12:45:07+00:00,,,2021-11-14 11:54:44+00:00,,2021-08-15 08:05:00+00:00,2022-06-26 21:18:34+00:00,,,
2021-06-20 14:56:42+00:00,2022-09-25 11:20:18+00:00,2023-01-15 16:22:37+00:00,2021-12-26 17:36:25+00:00,,2022-08-28 21:50:04+00:00,,2022-01-30 01:40:32+00:00,,,2021-07-25 15:51:25+00:00,,2021-09-19 10:07:08+00:00,2022-06-20 09:43:55+00:00,,,2021-11-21 10:53:53+00:00,,2021-08-22 12:04:19+00:00,2022-07-24 17:15:59+00:00,,,
2021-06-24 15:56:18+00:00,2022-10-09 16:19:04+00:00,2023-01-22 09:22:17+00:00,2022-01-02 21:35:51+00:00,,2022-09-11 14:18:46+00:00,,2022-02-20 05:08:53+00:00,,,2021-08-01 15:50:49+00:00,,2021-09-26 18:06:22+00:00,2022-07-05 14:42:28+00:00,,,2021-12-05 12:52:13+00:00,,2021-08-29 09:33:41+00:00,2022-08-07 17:14:40+00:00,,,
2021-07-11 16:24:37+00:00,2022-10-27 08:47:31+00:00,2023-01-29 19:21:53+00:00,2022-01-16 18:04:56+00:00,,2022-09-25 15:47:30+00:00,,2022-03-06 01:07:48+00:00,,,2021-08-08 17:50:13+00:00,,2021-10-03 12:05:40+00:00,2022-07-13 20:11:40+00:00,,,2021-12-12 08:53:08+00:00,,2021-09-05 13:03:01+00:00,2022-08-28 20:12:40+00:00,,,
2021-07-15 19:24:13+00:00,2022-11-10 09:46:20+00:00,2023-02-03 20:51:35+00:00,2022-01-30 17:34:02+00:00,,2022-10-09 14:16:16+00:00,,2022-03-20 08:36:37+00:00,,,2021-08-15 16:49:37+00:00,,2021-10-10 13:04:57+00:00,2022-07-25 12:40:35+00:00,,,2021-12-19 04:52:42+00:00,,2021-09-12 11:02:22+00:00,2022-09-11 17:11:20+00:00,,,
2021-07-18 14:23:56+00:00,,,2022-02-13 16:33:04+00:00,,2022-10-23 10:15:01+00:00,,2022-04-03 06:35:24+00:00,,,2021-08-22 16:49:01+00:00,,2021-10-17 08:34:18+00:00,2022-08-08 18:09:13+00:00,,,2021-12-26 13:52:14+00:00,,2021-09-19 11:01:42+00:00,2022-09-25 19:10:01+00:00,,,
2021-07-22 16:23:33+00:00,,,2022-02-27 15:32:02+00:00,,2022-11-05 23:13:50+00:00,,2022-04-18 08:04:01+00:00,,,2021-08-29 18:18:25+00:00,,2021-10-24 14:03:36+00:00,2022-08-29 16:37:11+00:00,,,2022-01-02 17:51:41+00:00,,2021-09-26 10:31:05+00:00,2022-10-09 16:38:45+00:00,,,
2021-07-29 17:22:51+00:00,,,2022-03-13 17:01:07+00:00,,2022-12-02 17:11:45+00:00,,2022-05-01 06:32:47+00:00,,,2021-09-05 16:17:50+00:00,,2021-11-01 09:32:51+00:00,2022-09-05 09:36:32+00:00,,,2022-01-09 17:21:12+00:00,,2021-10-03 09:30:27+00:00,2022-10-23 16:07:25+00:00,,,
2021-08-05 16:22:10+00:00,,,2022-03-27 17:29:59+00:00,,2022-12-18 12:10:44+00:00,,2022-05-09 01:32:01+00:00,,,2021-09-12 18:17:14+00:00,,2021-11-07 11:02:18+00:00,2022-09-12 07:35:52+00:00,,,2022-01-16 10:20:50+00:00,,2021-10-10 07:59:50+00:00,2022-11-06 20:36:08+00:00,,,
2021-08-08 09:51:54+00:00,,,2022-04-10 16:58:52+00:00,,2022-12-25 21:40:09+00:00,,2022-05-22 09:00:42+00:00,,,2021-09-19 14:16:39+00:00,,2021-11-14 12:31:23+00:00,2022-09-26 11:34:33+00:00,,,2022-01-23 11:50:22+00:00,,2021-10-17 15:29:15+00:00,2022-11-20 17:04:57+00:00,,,
2021-08-12 17:51:29+00:00,,,2022-04-18 13:28:11+00:00,,2023-01-01 10:39:38+00:00,,2022-06-06 11:59:11+00:00,,,2021-09-26 15:46:04+00:00,,2021-11-21 10:30:25+00:00,2022-10-10 07:03:18+00:00,,,2022-01-30 07:49:56+00:00,,2021-10-24 07:58:41+00:00,2022-12-01 14:04:06+00:00,,,
2021-08-15 10:21:13+00:00,,,2022-05-01 16:57:02+00:00,,2023-01-08 08:39:06+00:00,,2022-06-19 07:27:56+00:00,,,2021-10-03 17:45:28+00:00,,2021-11-28 16:59:25+00:00,2022-10-24 08:32:00+00:00,,,2022-02-06 08:49:27+00:00,,2021-11-01 13:28:01+00:00,2022-12-18 19:02:55+00:00,,,
2021-08-19 17:20:48+00:00,,,2022-05-08 16:56:24+00:00,,2023-01-22 12:38:07+00:00,,2022-07-04 15:56:24+00:00,,,2021-10-10 15:44:56+00:00,,2021-12-05 06:58:47+00:00,2022-11-07 23:00:43+00:00,,,2022-02-13 11:48:59+00:00,,2021-11-07 11:27:35+00:00,2022-12-26 18:32:15+00:00,,,
2021-08-22 10:50:32+00:00,,,2022-05-22 19:25:04+00:00,,2023-02-05 14:37:11+00:00,,2022-07-24 11:54:27+00:00,,,2021-10-17 16:14:24+00:00,,2021-12-12 09:59:18+00:00,2022-11-28 09:59:05+00:00,,,2022-02-20 06:48:28+00:00,,2021-11-14 07:26:48+00:00,2023-01-01 18:31:45+00:00,,,
2021-08-26 16:50:06+00:00,,,2022-06-06 17:23:39+00:00,,2023-02-19 12:36:14+00:00,,2022-08-01 11:53:39+00:00,,,2021-10-24 15:43:52+00:00,,2021-12-21 21:28:31+00:00,2022-12-12 11:58:04+00:00,,,2022-02-27 09:47:57+00:00,,2021-11-21 11:55:53+00:00,2023-01-15 17:00:37+00:00,,,
2021-08-29 11:49:50+00:00,,,2022-06-19 17:52:26+00:00,,2023-03-05 15:35:13+00:00,,2022-08-15 14:22:14+00:00,,,2021-11-01 22:13:15+00:00,,2022-01-02 16:57:27+00:00,2022-12-27 11:26:59+00:00,,,2022-03-06 07:17:31+00:00,,2021-11-28 16:54:59+00:00,2023-01-29 14:59:43+00:00,,,
2021-09-02 16:49:25+00:00,,,2022-07-06 16:50:48+00:00,,2023-03-19 14:04:07+00:00,,2022-08-28 04:50:57+00:00,,,2021-11-07 21:42:51+00:00,,2022-01-09 13:26:51+00:00,2023-01-02 09:56:31+00:00,,,2022-03-13 13:17:02+00:00,,2021-12-05 08:24:11+00:00,2023-02-12 18:28:44+00:00,,,
2021-09-05 16:49:08+00:00,,,2022-07-17 17:49:45+00:00,,2023-04-02 14:02:56+00:00,,2022-09-11 10:49:30+00:00,,,2021-11-15 02:42:21+00:00,,2022-01-16 08:56:20+00:00,2023-01-11 15:55:47+00:00,,,2022-03-20 11:46:29+00:00,,2021-12-12 12:25:02+00:00,2023-02-26 16:57:36+00:00,,,
2021-09-09 18:18:45+00:00,,,2022-08-01 19:18:19+00:00,,2023-04-16 12:31:48+00:00,,2022-09-25 07:48:10+00:00,,,2021-11-22 02:11:53+00:00,,2022-01-23 14:25:44+00:00,2023-01-23 07:24:59+00:00,,,2022-03-27 05:45:58+00:00,,2021-12-19 11:24:33+00:00,2023-03-12 18:26:31+00:00,,,
2021-09-12 14:18:28+00:00,,,2022-08-21 22:16:22+00:00,,2023-05-14 10:58:26+00:00,,2022-10-09 05:46:51+00:00,,,2021-11-29 00:11:28+00:00,,2022-01-30 07:25:11+00:00,2023-02-06 10:24:01+00:00,,,,,2021-12-26 12:24:05+00:00,2023-03-26 15:55:18+00:00,,,
2021-09-16 20:18:02+00:00,,,2022-09-04 17:15:03+00:00,,2023-05-29 08:49:10+00:00,,2022-10-23 03:15:30+00:00,,,2021-12-06 03:11:02+00:00,,2022-02-06 07:24:35+00:00,2023-02-19 14:53:06+00:00,,,,,2022-01-02 09:53:32+00:00,2023-04-10 15:54:01+00:00,,,
2021-09-19 11:17:47+00:00,,,2022-09-18 14:43:44+00:00,,2023-06-12 12:08:04+00:00,,2022-11-02 18:44:30+00:00,,,2021-12-12 19:40:38+00:00,,2022-02-13 09:53:59+00:00,2023-03-12 18:21:28+00:00,,,,,2022-01-09 12:53:00+00:00,2023-04-23 16:52:52+00:00,,,
2021-09-23 18:17:22+00:00,,,2022-10-02 15:42:30+00:00,,,,2022-11-12 22:43:36+00:00,,,2021-12-19 21:10:12+00:00,,2022-02-20 16:23:18+00:00,2023-03-27 12:20:12+00:00,,,,,2022-01-16 09:52:34+00:00,2023-05-07 16:51:35+00:00,,,
2021-09-30 17:46:41+00:00,,,2022-10-16 13:11:14+00:00,,,,2022-11-27 04:12:26+00:00,,,2021-12-26 16:39:48+00:00,,2022-02-27 10:52:42+00:00,2023-04-11 13:18:55+00:00,,,,,2022-01-23 09:52:06+00:00,2023-05-21 16:50:17+00:00,,,
2021-10-03 18:16:23+00:00,,,2022-10-30 18:39:56+00:00,,,,2022-12-11 09:41:21+00:00,,,2021-12-30 19:39:45+00:00,,2022-03-06 00:22:09+00:00,2023-04-23 16:47:51+00:00,,,,,2022-01-30 09:21:37+00:00,2023-06-04 21:48:58+00:00,,,
2021-10-07 13:46:01+00:00,,,2022-11-06 16:39:21+00:00,,,,2022-12-20 13:40:44+00:00,,,2022-01-09 19:38:50+00:00,,2022-03-13 18:51:28+00:00,2023-05-08 09:16:29+00:00,,,,,2022-02-06 09:21:06+00:00,2023-06-18 22:17:40+00:00,,,
2021-10-14 14:15:24+00:00,,,2022-11-20 16:38:12+00:00,,,,2023-01-29 11:07:39+00:00,,,2022-01-16 21:38:27+00:00,,2022-03-27 12:20:09+00:00,2023-05-21 15:15:15+00:00,,,,,2022-02-13 10:50:36+00:00,,,,
2021-10-17 18:15:07+00:00,,,2022-11-27 16:37:41+00:00,,,,2023-02-14 09:06:32+00:00,,,2022-01-23 15:38:03+00:00,,2022-04-10 12:48:48+00:00,2023-06-05 14:13:49+00:00,,,,,2022-02-20 07:50:04+00:00,,,,
2021-10-21 15:14:45+00:00,,,2022-12-11 17:06:42+00:00,,,,2023-02-28 08:47:10+00:00,,,2022-01-30 19:07:37+00:00,,2022-04-18 13:18:00+00:00,2023-06-20 04:42:25+00:00,,,,,2022-02-27 11:19:31+00:00,,,,
2021-10-24 18:14:28+00:00,,,2022-12-26 21:05:37+00:00,,,,2023-03-21 07:45:24+00:00,,,2022-02-06 16:37:10+00:00,,2022-04-24 12:17:24+00:00,,,,,,2022-03-06 09:49:02+00:00,,,,
2021-10-28 17:44:07+00:00,,,2023-01-01 22:05:08+00:00,,,,2023-04-03 21:44:09+00:00,,,2022-02-13 18:36:43+00:00,,2022-05-01 12:16:42+00:00,,,,,,2022-03-13 10:18:31+00:00,,,,
2021-11-01 18:13:45+00:00,,,2023-01-08 14:34:37+00:00,,,,2023-04-29 23:11:46+00:00,,,2022-02-20 15:06:14+00:00,,2022-05-08 14:15:58+00:00,,,,,,2022-03-20 09:47:56+00:00,,,,
2021-11-04 17:13:30+00:00,,,2023-01-22 17:03:38+00:00,,,,2023-05-15 08:10:16+00:00,,,2022-02-27 18:35:45+00:00,,2022-05-15 15:15:14+00:00,,,,,,2022-03-27 09:47:21+00:00,,,,
2021-11-11 18:12:55+00:00,,,2023-02-05 16:32:42+00:00,,,,2023-06-04 16:08:16+00:00,,,2022-03-06 16:35:19+00:00,,2022-05-22 13:44:30+00:00,,,,,,2022-04-03 05:16:47+00:00,,,,
2021-11-14 21:12:39+00:00,,,2023-02-19 18:01:45+00:00,,,,2023-06-18 17:11:38+00:00,,,2022-03-13 22:04:49+00:00,,2022-05-29 13:43:46+00:00,,,,,,2022-04-10 08:16:12+00:00,,,,
2021-11-18 16:12:20+00:00,,,2023-03-05 16:30:45+00:00,,,,,,,2022-03-20 18:04:18+00:00,,2022-06-06 17:42:55+00:00,,,,,,2022-04-18 11:15:29+00:00,,,,
2021-11-21 13:42:06+00:00,,,2023-03-19 16:59:39+00:00,,,,,,,,,2022-06-12 10:12:19+00:00,,,,,,2022-04-24 09:14:57+00:00,,,,
2021-11-25 18:41:46+00:00,,,2023-04-02 15:58:28+00:00,,,,,,,,,2022-06-19 15:11:36+00:00,,,,,,2022-05-01 07:44:20+00:00,,,,
2021-11-28 15:41:33+00:00,,,2023-04-16 17:57:19+00:00,,,,,,,,,2022-06-26 14:40:52+00:00,,,,,,2022-05-08 09:43:41+00:00,,,,
2021-12-02 19:11:29+00:00,,,2023-04-23 12:56:44+00:00,,,,,,,,,2022-07-10 15:39:23+00:00,,,,,,2022-05-15 09:13:02+00:00,,,,
2021-12-05 14:41:02+00:00,,,2023-04-30 19:56:05+00:00,,,,,,,,,2022-07-24 15:37:57+00:00,,,,,,2022-05-22 09:42:21+00:00,,,,
2021-12-09 14:40:43+00:00,,,2023-05-07 12:55:28+00:00,,,,,,,,,2022-08-01 15:07:07+00:00,,,,,,2022-05-29 07:41:42+00:00,,,,
2021-12-16 14:40:26+00:00,,,2023-05-14 13:24:49+00:00,,,,,,,,,2022-08-21 18:05:02+00:00,,,,,,2022-06-06 05:40:58+00:00,,,,
2021-12-19 18:39:57+00:00,,,2023-05-29 19:23:25+00:00,,,,,,,,,2022-09-02 19:03:47+00:00,,,,,,2022-06-12 07:10:24+00:00,,,,
,,,2023-06-04 19:52:51+00:00,,,,,,,,,2022-09-18 16:32:06+00:00,,,,,,2022-06-19 12:39:42+00:00,,,,
,,,2023-06-18 21:51:31+00:00,,,,,,,,,2022-10-02 17:00:40+00:00,,,,,,2022-06-26 10:39:03+00:00,,,,
,,,2023-06-25 19:50:51+00:00,,,,,,,,,2022-10-09 11:29:58+00:00,,,,,,2022-07-04 14:08:16+00:00,,,,
,,,,,,,,,,,,2022-10-23 12:28:31+00:00,,,,,,2022-07-10 06:37:43+00:00,,,,
,,,,,,,,,,,,2022-11-06 16:57:04+00:00,,,,,,2022-07-24 13:36:21+00:00,,,,
,,,,,,,,,,,,2022-11-13 09:26:26+00:00,,,,,,2022-08-01 12:35:35+00:00,,,,
,,,,,,,,,,,,2022-11-23 18:25:27+00:00,,,,,,2022-08-07 08:05:01+00:00,,,,
,,,,,,,,,,,,2022-12-07 19:24:14+00:00,,,,,,2022-08-28 10:33:00+00:00,,,,
,,,,,,,,,,,,2022-12-18 14:53:23+00:00,,,,,,2022-09-04 10:32:20+00:00,,,,
,,,,,,,,,,,,2022-12-26 12:52:40+00:00,,,,,,2022-09-11 08:31:40+00:00,,,,
,,,,,,,,,,,,2023-01-01 17:52:05+00:00,,,,,,2022-09-18 05:01:02+00:00,,,,
,,,,,,,,,,,,2023-01-08 16:21:26+00:00,,,,,,2022-09-25 08:30:24+00:00,,,,
,,,,,,,,,,,,2023-01-15 09:50:50+00:00,,,,,,2022-10-02 07:29:48+00:00,,,,
,,,,,,,,,,,,2023-01-22 10:50:17+00:00,,,,,,2022-10-09 10:29:10+00:00,,,,
,,,,,,,,,,,,2023-01-29 09:19:45+00:00,,,,,,2022-10-16 07:58:32+00:00,,,,
,,,,,,,,,,,,2023-02-05 09:49:09+00:00,,,,,,2022-10-23 05:57:54+00:00,,,,
,,,,,,,,,,,,2023-02-19 15:47:56+00:00,,,,,,2022-10-30 06:27:17+00:00,,,,
,,,,,,,,,,,,2023-02-26 09:47:18+00:00,,,,,,2022-11-06 08:26:40+00:00,,,,
,,,,,,,,,,,,2023-03-05 11:16:43+00:00,,,,,,2022-11-13 09:26:06+00:00,,,,
,,,,,,,,,,,,2023-03-12 12:46:04+00:00,,,,,,2022-11-20 09:25:32+00:00,,,,
,,,,,,,,,,,,2023-03-19 11:45:23+00:00,,,,,,2022-11-27 06:25:00+00:00,,,,
,,,,,,,,,,,,2023-03-26 10:14:41+00:00,,,,,,2022-12-04 04:24:30+00:00,,,,
,,,,,,,,,,,,2023-04-02 09:44:00+00:00,,,,,,2022-12-11 07:24:00+00:00,,,,
,,,,,,,,,,,,2023-04-10 09:13:15+00:00,,,,,,2022-12-18 09:23:34+00:00,,,,
,,,,,,,,,,,,2023-04-16 09:42:39+00:00,,,,,,2022-12-26 15:22:55+00:00,,,,
,,,,,,,,,,,,2023-04-23 09:11:58+00:00,,,,,,2023-01-01 11:52:27+00:00,,,,
,,,,,,,,,,,,2023-04-30 10:11:14+00:00,,,,,,2023-01-08 07:51:55+00:00,,,,
,,,,,,,,,,,,2023-05-14 14:09:46+00:00,,,,,,2023-01-15 09:21:22+00:00,,,,
,,,,,,,,,,,,2023-05-21 13:09:03+00:00,,,,,,2023-01-22 07:50:56+00:00,,,,
,,,,,,,,,,,,2023-05-29 12:38:14+00:00,,,,,,2023-01-29 10:50:28+00:00,,,,
,,,,,,,,,,,,2023-06-04 13:07:37+00:00,,,,,,2023-02-05 07:49:58+00:00,,,,
,,,,,,,,,,,,2023-06-11 13:36:54+00:00,,,,,,2023-02-12 09:19:31+00:00,,,,
,,,,,,,,,,,,2023-06-18 15:06:10+00:00,,,,,,2023-02-19 10:18:59+00:00,,,,
,,,,,,,,,,,,2023-06-25 14:35:27+00:00,,,,,,2023-02-26 06:48:26+00:00,,,,
,,,,,,,,,,,,,,,,,,2023-03-05 06:47:57+00:00,,,,
,,,,,,,,,,,,,,,,,,2023-03-12 11:17:23+00:00,,,,
,,,,,,,,,,,,,,,,,,2023-03-19 07:46:49+00:00,,,,
,,,,,,,,,,,,,,,,,,2023-03-26 05:16:13+00:00,,,,
,,,,,,,,,,,,,,,,,,2023-04-02 06:15:37+00:00,,,,
,,,,,,,,,,,,,,,,,,2023-04-10 08:44:58+00:00,,,,
,,,,,,,,,,,,,,,,,,2023-04-16 05:14:28+00:00,,,,
,,,,,,,,,,,,,,,,,,2023-04-23 10:13:51+00:00,,,,
,,,,,,,,,,,,,,,,,,2023-04-30 08:13:14+00:00,,,,
,,,,,,,,,,,,,,,,,,2023-05-07 04:42:36+00:00,,,,
,,,,,,,,,,,,,,,,,,2023-05-14 06:11:58+00:00,,,,
,,,,,,,,,,,,,,,,,,2023-05-21 09:41:19+00:00,,,,
,,,,,,,,,,,,,,,,,,2023-05-29 15:40:33+00:00,,,,
,,,,,,,,,,,,,,,,,,2023-06-04 11:33:55+00:00,,,,
,,,,,,,,,,,,,,,,,,2023-06-11 12:17:39+00:00,,,,
,,,,,,,,,,,,,,,,,,2023-06-17 20:32:19+00:00,,,,
,,,,,,,,,,,,,,,,,,2023-06-25 14:48:31+00:00,,,,
